bin_index,azimuth_lo_deg,azimuth_hi_deg,azimuth_center_deg,zenith_lo_deg,zenith_hi_deg,zenith_center_deg,slant_rock_m,intensity_raw,solid_angle_sr,fig7_lvd_azimuth_center_deg
1,0.0,360.0,180.0,0.0,4.0,2.0,3640.0,1772.0,0.015305523616500533,223.0
2,0.0,30.0,15.0,4.0,8.0,6.0,3414.0,639.0,0.0038201669897455254,28.0
3,30.0,60.0,45.0,4.0,8.0,6.0,3476.0,625.0,0.0038201669897455254,358.0
4,60.0,90.0,75.0,4.0,8.0,6.0,3596.0,503.0,0.0038201669897455254,328.0
5,90.0,120.0,105.0,4.0,8.0,6.0,3730.0,370.0,0.0038201669897455254,298.0
6,120.0,150.0,135.0,4.0,8.0,6.0,3765.0,352.0,0.0038201669897455254,268.0
7,150.0,180.0,165.0,4.0,8.0,6.0,3733.0,391.0,0.0038201669897455254,238.0
8,180.0,210.0,195.0,4.0,8.0,6.0,3785.0,382.0,0.0038201669897455254,208.0
9,210.0,240.0,225.0,4.0,8.0,6.0,3782.0,400.0,0.0038201669897455254,178.0
10,240.0,270.0,255.0,4.0,8.0,6.0,3669.0,437.0,0.0038201669897455254,148.0
11,270.0,300.0,285.0,4.0,8.0,6.0,3532.0,471.0,0.0038201669897455254,118.0
12,300.0,330.0,315.0,4.0,8.0,6.0,3436.0,560.0,0.0038201669897455254,88.0
13,330.0,360.0,345.0,4.0,8.0,6.0,3430.0,657.0,0.0038201669897455254,58.0
14,0.0,20.0,10.0,8.0,12.0,10.0,3254.0,827.0,0.004230841472362624,33.0
15,20.0,40.0,30.0,8.0,12.0,10.0,3295.0,861.0,0.004230841472362624,13.0
16,40.0,60.0,50.0,8.0,12.0,10.0,3361.0,865.0,0.004230841472362624,353.0
17,60.0,80.0,70.0,8.0,12.0,10.0,3465.0,643.0,0.004230841472362624,333.0
18,80.0,100.0,90.0,8.0,12.0,10.0,3615.0,496.0,0.004230841472362624,313.0
19,100.0,120.0,110.0,8.0,12.0,10.0,3784.0,407.0,0.004230841472362624,293.0
20,120.0,140.0,130.0,8.0,12.0,10.0,3754.0,365.0,0.004230841472362624,273.0
21,140.0,160.0,150.0,8.0,12.0,10.0,3643.0,479.0,0.004230841472362624,253.0
22,160.0,180.0,170.0,8.0,12.0,10.0,3638.0,523.0,0.004230841472362624,233.0
23,180.0,200.0,190.0,8.0,12.0,10.0,3696.0,535.0,0.004230841472362624,213.0
24,200.0,220.0,210.0,8.0,12.0,10.0,3753.0,525.0,0.004230841472362624,193.0
25,220.0,240.0,230.0,8.0,12.0,10.0,3829.0,477.0,0.004230841472362624,173.0
26,240.0,260.0,250.0,8.0,12.0,10.0,3718.0,481.0,0.004230841472362624,153.0
27,260.0,280.0,270.0,8.0,12.0,10.0,3585.0,558.0,0.004230841472362624,133.0
28,280.0,300.0,290.0,8.0,12.0,10.0,3472.0,581.0,0.004230841472362624,113.0
29,300.0,320.0,310.0,8.0,12.0,10.0,3373.0,583.0,0.004230841472362624,93.0
30,320.0,340.0,330.0,8.0,12.0,10.0,3286.0,725.0,0.004230841472362624,73.0
31,340.0,360.0,350.0,8.0,12.0,10.0,3279.0,828.0,0.004230841472362624,53.0
32,0.0,15.0,7.5,12.0,16.0,14.0,3150.0,1011.0,0.004420719537893164,35.5
33,15.0,30.0,22.5,12.0,16.0,14.0,3181.0,1132.0,0.004420719537893164,20.5
34,30.0,45.0,37.5,12.0,16.0,14.0,3217.0,1032.0,0.004420719537893164,5.5
35,45.0,60.0,52.5,12.0,16.0,14.0,3280.0,948.0,0.004420719537893164,350.5
36,60.0,75.0,67.5,12.0,16.0,14.0,3406.0,732.0,0.004420719537893164,335.5
37,75.0,90.0,82.5,12.0,16.0,14.0,3543.0,603.0,0.004420719537893164,320.5
38,90.0,105.0,97.5,12.0,16.0,14.0,3726.0,416.0,0.004420719537893164,305.5
39,105.0,120.0,112.5,12.0,16.0,14.0,3922.0,346.0,0.004420719537893164,290.5
40,120.0,135.0,127.5,12.0,16.0,14.0,3887.0,293.0,0.004420719537893164,275.5
41,135.0,150.0,142.5,12.0,16.0,14.0,3757.0,440.0,0.004420719537893164,260.5
42,150.0,165.0,157.5,12.0,16.0,14.0,3653.0,549.0,0.004420719537893164,245.5
43,165.0,180.0,172.5,12.0,16.0,14.0,3612.0,621.0,0.004420719537893164,230.5
44,180.0,195.0,187.5,12.0,16.0,14.0,3619.0,610.0,0.004420719537893164,215.5
45,195.0,210.0,202.5,12.0,16.0,14.0,3625.0,651.0,0.004420719537893164,200.5
46,210.0,225.0,217.5,12.0,16.0,14.0,3741.0,628.0,0.004420719537893164,185.5
47,225.0,240.0,232.5,12.0,16.0,14.0,3847.0,499.0,0.004420719537893164,170.5
48,240.0,255.0,247.5,12.0,16.0,14.0,3807.0,468.0,0.004420719537893164,155.5
49,255.0,270.0,262.5,12.0,16.0,14.0,3676.0,527.0,0.004420719537893164,140.5
50,270.0,285.0,277.5,12.0,16.0,14.0,3524.0,568.0,0.004420719537893164,125.5
51,285.0,300.0,292.5,12.0,16.0,14.0,3381.0,653.0,0.004420719537893164,110.5
52,300.0,315.0,307.5,12.0,16.0,14.0,3300.0,709.0,0.004420719537893164,95.5
53,315.0,330.0,322.5,12.0,16.0,14.0,3239.0,768.0,0.004420719537893164,80.5
54,330.0,345.0,337.5,12.0,16.0,14.0,3188.0,858.0,0.004420719537893164,65.5
55,345.0,360.0,352.5,12.0,16.0,14.0,3182.0,944.0,0.004420719537893164,50.5
56,0.0,12.0,6.0,16.0,20.0,18.0,3086.0,1169.0,0.004517416536235925,37.0
57,12.0,24.0,18.0,16.0,20.0,18.0,3111.0,1208.0,0.004517416536235925,25.0
58,24.0,36.0,30.0,16.0,20.0,18.0,3140.0,1209.0,0.004517416536235925,13.0
59,36.0,48.0,42.0,16.0,20.0,18.0,3187.0,1205.0,0.004517416536235925,1.0
60,48.0,60.0,54.0,16.0,20.0,18.0,3265.0,943.0,0.004517416536235925,349.0
61,60.0,72.0,66.0,16.0,20.0,18.0,3349.0,836.0,0.004517416536235925,337.0
62,72.0,84.0,78.0,16.0,20.0,18.0,3484.0,628.0,0.004517416536235925,325.0
63,84.0,96.0,90.0,16.0,20.0,18.0,3655.0,462.0,0.004517416536235925,313.0
64,96.0,108.0,102.0,16.0,20.0,18.0,3852.0,346.0,0.004517416536235925,301.0
65,108.0,120.0,114.0,16.0,20.0,18.0,4038.0,296.0,0.004517416536235925,289.0
66,120.0,132.0,126.0,16.0,20.0,18.0,4133.0,238.0,0.004517416536235925,277.0
67,132.0,144.0,138.0,16.0,20.0,18.0,4020.0,272.0,0.004517416536235925,265.0
68,144.0,156.0,150.0,16.0,20.0,18.0,3880.0,392.0,0.004517416536235925,253.0
69,156.0,168.0,162.0,16.0,20.0,18.0,3778.0,420.0,0.004517416536235925,241.0
70,168.0,180.0,174.0,16.0,20.0,18.0,3650.0,501.0,0.004517416536235925,229.0
71,180.0,192.0,186.0,16.0,20.0,18.0,3567.0,619.0,0.004517416536235925,217.0
72,192.0,204.0,198.0,16.0,20.0,18.0,3550.0,752.0,0.004517416536235925,205.0
73,204.0,216.0,210.0,16.0,20.0,18.0,3642.0,714.0,0.004517416536235925,193.0
74,216.0,228.0,222.0,16.0,20.0,18.0,3815.0,528.0,0.004517416536235925,181.0
75,228.0,240.0,234.0,16.0,20.0,18.0,3832.0,498.0,0.004517416536235925,169.0
76,240.0,252.0,246.0,16.0,20.0,18.0,3816.0,496.0,0.004517416536235925,157.0
77,252.0,264.0,258.0,16.0,20.0,18.0,3805.0,420.0,0.004517416536235925,145.0
78,264.0,276.0,270.0,16.0,20.0,18.0,3643.0,531.0,0.004517416536235925,133.0
79,276.0,288.0,282.0,16.0,20.0,18.0,3505.0,623.0,0.004517416536235925,121.0
80,288.0,300.0,294.0,16.0,20.0,18.0,3373.0,701.0,0.004517416536235925,109.0
81,300.0,312.0,306.0,16.0,20.0,18.0,3248.0,769.0,0.004517416536235925,97.0
82,312.0,324.0,318.0,16.0,20.0,18.0,3177.0,848.0,0.004517416536235925,85.0
83,324.0,336.0,330.0,16.0,20.0,18.0,3143.0,928.0,0.004517416536235925,73.0
84,336.0,348.0,342.0,16.0,20.0,18.0,3114.0,1029.0,0.004517416536235925,61.0
85,348.0,360.0,354.0,16.0,20.0,18.0,3109.0,1081.0,0.004517416536235925,49.0
86,0.0,10.0,5.0,20.0,24.0,22.0,3048.0,1202.0,0.004563540869068268,38.0
87,10.0,20.0,15.0,20.0,24.0,22.0,3067.0,1278.0,0.004563540869068268,28.0
88,20.0,30.0,25.0,20.0,24.0,22.0,3101.0,1296.0,0.004563540869068268,18.0
89,30.0,40.0,35.0,20.0,24.0,22.0,3144.0,1275.0,0.004563540869068268,8.0
90,40.0,50.0,45.0,20.0,24.0,22.0,3203.0,1128.0,0.004563540869068268,358.0
91,50.0,60.0,55.0,20.0,24.0,22.0,3271.0,961.0,0.004563540869068268,348.0
92,60.0,70.0,65.0,20.0,24.0,22.0,3352.0,839.0,0.004563540869068268,338.0
93,70.0,80.0,75.0,20.0,24.0,22.0,3478.0,638.0,0.004563540869068268,328.0
94,80.0,90.0,85.0,20.0,24.0,22.0,3603.0,499.0,0.004563540869068268,318.0
95,90.0,100.0,95.0,20.0,24.0,22.0,3743.0,371.0,0.004563540869068268,308.0
96,100.0,110.0,105.0,20.0,24.0,22.0,3907.0,320.0,0.004563540869068268,298.0
97,110.0,120.0,115.0,20.0,24.0,22.0,4105.0,222.0,0.004563540869068268,288.0
98,120.0,130.0,125.0,20.0,24.0,22.0,4282.0,210.0,0.004563540869068268,278.0
99,130.0,140.0,135.0,20.0,24.0,22.0,4225.0,178.0,0.004563540869068268,268.0
100,140.0,150.0,145.0,20.0,24.0,22.0,4033.0,298.0,0.004563540869068268,258.0
101,150.0,160.0,155.0,20.0,24.0,22.0,3880.0,377.0,0.004563540869068268,248.0
102,160.0,170.0,165.0,20.0,24.0,22.0,3807.0,438.0,0.004563540869068268,238.0
103,170.0,180.0,175.0,20.0,24.0,22.0,3641.0,586.0,0.004563540869068268,228.0
104,180.0,190.0,185.0,20.0,24.0,22.0,3540.0,730.0,0.004563540869068268,218.0
105,190.0,200.0,195.0,20.0,24.0,22.0,3485.0,772.0,0.004563540869068268,208.0
106,200.0,210.0,205.0,20.0,24.0,22.0,3554.0,795.0,0.004563540869068268,198.0
107,210.0,220.0,215.0,20.0,24.0,22.0,3698.0,679.0,0.004563540869068268,188.0
108,220.0,230.0,225.0,20.0,24.0,22.0,3850.0,516.0,0.004563540869068268,178.0
109,230.0,240.0,235.0,20.0,24.0,22.0,3813.0,553.0,0.004563540869068268,168.0
110,240.0,250.0,245.0,20.0,24.0,22.0,3762.0,511.0,0.004563540869068268,158.0
111,250.0,260.0,255.0,20.0,24.0,22.0,3819.0,485.0,0.004563540869068268,148.0
112,260.0,270.0,265.0,20.0,24.0,22.0,3745.0,468.0,0.004563540869068268,138.0
113,270.0,280.0,275.0,20.0,24.0,22.0,3628.0,546.0,0.004563540869068268,128.0
114,280.0,290.0,285.0,20.0,24.0,22.0,3490.0,616.0,0.004563540869068268,118.0
115,290.0,300.0,295.0,20.0,24.0,22.0,3346.0,749.0,0.004563540869068268,108.0
116,300.0,310.0,305.0,20.0,24.0,22.0,3250.0,777.0,0.004563540869068268,98.0
117,310.0,320.0,315.0,20.0,24.0,22.0,3150.0,865.0,0.004563540869068268,88.0
118,320.0,330.0,325.0,20.0,24.0,22.0,3092.0,991.0,0.004563540869068268,78.0
119,330.0,340.0,335.0,20.0,24.0,22.0,3087.0,1037.0,0.004563540869068268,68.0
120,340.0,350.0,345.0,20.0,24.0,22.0,3062.0,1165.0,0.004563540869068268,58.0
121,350.0,360.0,355.0,20.0,24.0,22.0,3046.0,1174.0,0.004563540869068268,48.0
122,0.0,8.6,4.3,24.0,28.0,26.0,3057.0,1233.0,0.004592687967174132,38.7
123,8.6,17.1,12.850000000000001,24.0,28.0,26.0,3084.0,1176.0,0.004539284618718621,30.15
124,17.1,25.7,21.4,24.0,28.0,26.0,3119.0,1242.0,0.004592687967174131,21.6
125,25.7,34.3,30.0,24.0,28.0,26.0,3155.0,1141.0,0.004592687967174131,13.0
126,34.3,42.9,38.599999999999994,24.0,28.0,26.0,3198.0,1144.0,0.004592687967174133,4.400000000000006
127,42.9,51.4,47.15,24.0,28.0,26.0,3254.0,1067.0,0.00453928461871862,355.85
128,51.4,60.0,55.7,24.0,28.0,26.0,3333.0,835.0,0.004592687967174133,347.3
129,60.0,68.6,64.3,24.0,28.0,26.0,3405.0,750.0,0.00459268796717413,338.7
130,68.6,77.1,72.85,24.0,28.0,26.0,3492.0,676.0,0.00453928461871862,330.15
131,77.1,85.7,81.4,24.0,28.0,26.0,3590.0,580.0,0.0045926879671741375,321.6
132,85.7,94.3,90.0,24.0,28.0,26.0,3724.0,454.0,0.00459268796717413,313.0
133,94.3,102.9,98.6,24.0,28.0,26.0,3896.0,357.0,0.0045926879671741375,304.4
134,102.9,111.4,107.15,24.0,28.0,26.0,4091.0,256.0,0.00453928461871862,295.85
135,111.4,120.0,115.7,24.0,28.0,26.0,4262.0,242.0,0.00459268796717413,287.3
136,120.0,128.6,124.3,24.0,28.0,26.0,4449.0,150.0,0.00459268796717413,278.7
137,128.6,137.1,132.85,24.0,28.0,26.0,4494.0,149.0,0.00453928461871862,270.15
138,137.1,145.7,141.39999999999998,24.0,28.0,26.0,4250.0,225.0,0.00459268796717413,261.6
139,145.7,154.3,150.0,24.0,28.0,26.0,4099.0,294.0,0.004592687967174144,253.0
140,154.3,162.9,158.60000000000002,24.0,28.0,26.0,3913.0,371.0,0.00459268796717413,244.39999999999998
141,162.9,171.4,167.15,24.0,28.0,26.0,3716.0,505.0,0.00453928461871862,235.85
142,171.4,180.0,175.7,24.0,28.0,26.0,3537.0,636.0,0.00459268796717413,227.3
143,180.0,188.6,184.3,24.0,28.0,26.0,3460.0,806.0,0.00459268796717413,218.7
144,188.6,197.1,192.85,24.0,28.0,26.0,3423.0,856.0,0.00453928461871862,210.15
145,197.1,205.7,201.39999999999998,24.0,28.0,26.0,3498.0,777.0,0.00459268796717413,201.60000000000002
146,205.7,214.3,210.0,24.0,28.0,26.0,3624.0,642.0,0.004592687967174144,193.0
147,214.3,222.9,218.60000000000002,24.0,28.0,26.0,3737.0,636.0,0.00459268796717413,184.39999999999998
148,222.9,231.4,227.15,24.0,28.0,26.0,3793.0,533.0,0.00453928461871862,175.85
149,231.4,240.0,235.7,24.0,28.0,26.0,3764.0,525.0,0.00459268796717413,167.3
150,240.0,248.6,244.3,24.0,28.0,26.0,3726.0,517.0,0.00459268796717413,158.7
151,248.6,257.1,252.85000000000002,24.0,28.0,26.0,3731.0,445.0,0.004539284618718634,150.14999999999998
152,257.1,265.7,261.4,24.0,28.0,26.0,3766.0,421.0,0.004592687967174114,141.60000000000002
153,265.7,274.3,270.0,24.0,28.0,26.0,3675.0,509.0,0.004592687967174144,133.0
154,274.3,282.9,278.6,24.0,28.0,26.0,3595.0,576.0,0.004592687967174114,124.39999999999998
155,282.9,291.4,287.15,24.0,28.0,26.0,3479.0,629.0,0.00453928461871862,115.85000000000002
156,291.4,300.0,295.7,24.0,28.0,26.0,3344.0,691.0,0.004592687967174144,107.30000000000001
157,300.0,308.6,304.3,24.0,28.0,26.0,3236.0,781.0,0.004592687967174144,98.69999999999999
158,308.6,317.1,312.85,24.0,28.0,26.0,3166.0,833.0,0.00453928461871862,90.14999999999998
159,317.1,325.7,321.4,24.0,28.0,26.0,3099.0,1012.0,0.004592687967174114,81.60000000000002
160,325.7,334.3,330.0,24.0,28.0,26.0,3064.0,1073.0,0.004592687967174144,73.0
161,334.3,342.9,338.6,24.0,28.0,26.0,3050.0,1075.0,0.004592687967174114,64.39999999999998
162,342.9,351.4,347.15,24.0,28.0,26.0,3038.0,1209.0,0.00453928461871862,55.85000000000002
163,351.4,360.0,355.7,24.0,28.0,26.0,3039.0,1206.0,0.004592687967174144,47.30000000000001
164,0.0,7.7,3.85,28.0,32.0,30.0,3104.0,1209.0,0.004690155660556111,39.15
165,7.7,15.3,11.5,28.0,32.0,30.0,3131.0,1240.0,0.0046292445480813574,31.5
166,15.3,23.0,19.15,28.0,32.0,30.0,3160.0,1095.0,0.004690155660556111,23.85
167,23.0,30.6,26.8,28.0,32.0,30.0,3201.0,1139.0,0.0046292445480813574,16.2
168,30.6,38.3,34.45,28.0,32.0,30.0,3243.0,1106.0,0.0046901556605561095,8.549999999999997
169,38.3,46.0,42.15,28.0,32.0,30.0,3283.0,1082.0,0.004690155660556113,0.8500000000000014
170,46.0,53.6,49.8,28.0,32.0,30.0,3335.0,898.0,0.0046292445480813574,353.2
171,53.6,61.3,57.45,28.0,32.0,30.0,3435.0,706.0,0.0046901556605561095,345.55
172,61.3,68.9,65.1,28.0,32.0,30.0,3494.0,681.0,0.004629244548081363,337.9
173,68.9,76.6,72.75,28.0,32.0,30.0,3554.0,554.0,0.004690155660556104,330.25
174,76.6,84.3,80.44999999999999,28.0,32.0,30.0,3661.0,455.0,0.004690155660556113,322.55
175,84.3,91.9,88.1,28.0,32.0,30.0,3789.0,411.0,0.004629244548081363,314.9
176,91.9,99.6,95.75,28.0,32.0,30.0,3939.0,297.0,0.004690155660556104,307.25
177,99.6,107.2,103.4,28.0,32.0,30.0,4118.0,234.0,0.004629244548081363,299.6
178,107.2,114.9,111.05000000000001,28.0,32.0,30.0,4270.0,205.0,0.004690155660556113,291.95
179,114.9,122.6,118.75,28.0,32.0,30.0,4414.0,152.0,0.004690155660556104,284.25
180,122.6,130.2,126.39999999999999,28.0,32.0,30.0,4599.0,134.0,0.004629244548081354,276.6
181,130.2,137.9,134.05,28.0,32.0,30.0,4686.0,114.0,0.004690155660556122,268.95
182,137.9,145.5,141.7,28.0,32.0,30.0,4472.0,171.0,0.004629244548081354,261.3
183,145.5,153.2,149.35,28.0,32.0,30.0,4209.0,257.0,0.004690155660556104,253.65
184,153.2,160.9,157.05,28.0,32.0,30.0,3971.0,305.0,0.004690155660556122,245.95
185,160.9,168.5,164.7,28.0,32.0,30.0,3790.0,495.0,0.004629244548081354,238.3
186,168.5,176.2,172.35,28.0,32.0,30.0,3641.0,582.0,0.004690155660556104,230.65
187,176.2,183.8,180.0,28.0,32.0,30.0,3509.0,739.0,0.004629244548081371,223.0
188,183.8,191.5,187.65,28.0,32.0,30.0,3439.0,819.0,0.004690155660556104,215.35
189,191.5,199.1,195.3,28.0,32.0,30.0,3458.0,878.0,0.004629244548081354,207.7
190,199.1,206.8,202.95,28.0,32.0,30.0,3572.0,705.0,0.004690155660556122,200.05
191,206.8,214.5,210.65,28.0,32.0,30.0,3641.0,697.0,0.004690155660556104,192.35
192,214.5,222.1,218.3,28.0,32.0,30.0,3721.0,656.0,0.004629244548081354,184.7
193,222.1,229.8,225.95,28.0,32.0,30.0,3764.0,639.0,0.004690155660556122,177.05
194,229.8,237.4,233.60000000000002,28.0,32.0,30.0,3725.0,613.0,0.004629244548081354,169.39999999999998
195,237.4,245.1,241.25,28.0,32.0,30.0,3712.0,509.0,0.004690155660556104,161.75
196,245.1,252.8,248.95,28.0,32.0,30.0,3757.0,544.0,0.004690155660556122,154.05
197,252.8,260.4,256.6,28.0,32.0,30.0,3722.0,514.0,0.004629244548081337,146.39999999999998
198,260.4,268.1,264.25,28.0,32.0,30.0,3701.0,412.0,0.00469015566055614,138.75
199,268.1,275.7,271.9,28.0,32.0,30.0,3735.0,478.0,0.004629244548081337,131.10000000000002
200,275.7,283.4,279.54999999999995,28.0,32.0,30.0,3600.0,539.0,0.004690155660556104,123.45000000000005
201,283.4,291.1,287.25,28.0,32.0,30.0,3462.0,622.0,0.00469015566055614,115.75
202,291.1,298.7,294.9,28.0,32.0,30.0,3366.0,681.0,0.004629244548081337,108.10000000000002
203,298.7,306.4,302.54999999999995,28.0,32.0,30.0,3271.0,738.0,0.004690155660556104,100.45000000000005
204,306.4,314.0,310.2,28.0,32.0,30.0,3186.0,853.0,0.004629244548081371,92.80000000000001
205,314.0,321.7,317.85,28.0,32.0,30.0,3144.0,933.0,0.004690155660556104,85.14999999999998
206,321.7,329.4,325.54999999999995,28.0,32.0,30.0,3127.0,1005.0,0.004690155660556104,77.45000000000005
207,329.4,337.0,333.2,28.0,32.0,30.0,3108.0,1059.0,0.004629244548081371,69.80000000000001
208,337.0,344.7,340.85,28.0,32.0,30.0,3083.0,1084.0,0.004690155660556104,62.14999999999998
209,344.7,352.3,348.5,28.0,32.0,30.0,3083.0,1160.0,0.004629244548081371,54.5
210,352.3,360.0,356.15,28.0,32.0,30.0,3087.0,1128.0,0.004690155660556104,46.85000000000002
211,0.0,6.9,3.45,32.0,36.0,34.0,3194.0,1041.0,0.0047004265336979874,39.55
212,6.9,13.8,10.350000000000001,32.0,36.0,34.0,3218.0,1030.0,0.0047004265336979874,32.65
213,13.8,20.8,17.3,32.0,36.0,34.0,3249.0,1047.0,0.00476854865737477,25.7
214,20.8,27.7,24.25,32.0,36.0,34.0,3275.0,997.0,0.004700426533697987,18.75
215,27.7,34.6,31.15,32.0,36.0,34.0,3315.0,1004.0,0.004700426533697989,11.850000000000001
216,34.6,41.5,38.05,32.0,36.0,34.0,3347.0,969.0,0.004700426533697987,4.950000000000003
217,41.5,48.5,45.0,32.0,36.0,34.0,3387.0,890.0,0.00476854865737477,358.0
218,48.5,55.4,51.95,32.0,36.0,34.0,3481.0,726.0,0.004700426533697987,351.05
219,55.4,62.3,58.849999999999994,32.0,36.0,34.0,3584.0,579.0,0.004700426533697987,344.15
220,62.3,69.2,65.75,32.0,36.0,34.0,3618.0,562.0,0.004700426533697991,337.25
221,69.2,76.2,72.7,32.0,36.0,34.0,3653.0,533.0,0.00476854865737477,330.3
222,76.2,83.1,79.65,32.0,36.0,34.0,3763.0,408.0,0.004700426533697981,323.35
223,83.1,90.0,86.55,32.0,36.0,34.0,3909.0,340.0,0.004700426533697991,316.45
224,90.0,96.9,93.45,32.0,36.0,34.0,4019.0,322.0,0.004700426533697991,309.55
225,96.9,103.8,100.35,32.0,36.0,34.0,4147.0,272.0,0.004700426533697981,302.65
226,103.8,110.8,107.3,32.0,36.0,34.0,4276.0,234.0,0.00476854865737477,295.7
227,110.8,117.7,114.25,32.0,36.0,34.0,4383.0,213.0,0.004700426533697991,288.75
228,117.7,124.6,121.15,32.0,36.0,34.0,4532.0,144.0,0.004700426533697981,281.85
229,124.6,131.5,128.05,32.0,36.0,34.0,4773.0,123.0,0.004700426533697991,274.95
230,131.5,138.5,135.0,32.0,36.0,34.0,4920.0,91.0,0.00476854865737477,268.0
231,138.5,145.4,141.95,32.0,36.0,34.0,4791.0,102.0,0.004700426533697991,261.05
232,145.4,152.3,148.85000000000002,32.0,36.0,34.0,4531.0,163.0,0.004700426533697991,254.14999999999998
233,152.3,159.2,155.75,32.0,36.0,34.0,4256.0,237.0,0.004700426533697972,247.25
234,159.2,166.2,162.7,32.0,36.0,34.0,3981.0,376.0,0.00476854865737477,240.3
235,166.2,173.1,169.64999999999998,32.0,36.0,34.0,3788.0,470.0,0.004700426533697991,233.35000000000002
236,173.1,180.0,176.55,32.0,36.0,34.0,3657.0,542.0,0.004700426533697991,226.45
237,180.0,186.9,183.45,32.0,36.0,34.0,3556.0,663.0,0.004700426533697991,219.55
238,186.9,193.8,190.35000000000002,32.0,36.0,34.0,3468.0,778.0,0.004700426533697991,212.64999999999998
239,193.8,200.8,197.3,32.0,36.0,34.0,3506.0,764.0,0.00476854865737477,205.7
240,200.8,207.7,204.25,32.0,36.0,34.0,3588.0,707.0,0.004700426533697972,198.75
241,207.7,214.6,211.14999999999998,32.0,36.0,34.0,3662.0,711.0,0.004700426533697991,191.85000000000002
242,214.6,221.5,218.05,32.0,36.0,34.0,3755.0,630.0,0.004700426533697991,184.95
243,221.5,228.5,225.0,32.0,36.0,34.0,3803.0,543.0,0.00476854865737477,178.0
244,228.5,235.4,231.95,32.0,36.0,34.0,3775.0,556.0,0.004700426533697991,171.05
245,235.4,242.3,238.85000000000002,32.0,36.0,34.0,3729.0,650.0,0.004700426533697991,164.14999999999998
246,242.3,249.2,245.75,32.0,36.0,34.0,3774.0,582.0,0.004700426533697972,157.25
247,249.2,256.2,252.7,32.0,36.0,34.0,3840.0,474.0,0.00476854865737477,150.3
248,256.2,263.1,259.65,32.0,36.0,34.0,3911.0,436.0,0.004700426533698011,143.35000000000002
249,263.1,270.0,266.55,32.0,36.0,34.0,3908.0,356.0,0.004700426533697972,136.45
250,270.0,276.9,273.45,32.0,36.0,34.0,3837.0,443.0,0.004700426533697972,129.55
251,276.9,283.8,280.35,32.0,36.0,34.0,3692.0,514.0,0.004700426533698011,122.64999999999998
252,283.8,290.8,287.3,32.0,36.0,34.0,3522.0,656.0,0.00476854865737477,115.69999999999999
253,290.8,297.7,294.25,32.0,36.0,34.0,3385.0,736.0,0.004700426533697972,108.75
254,297.7,304.6,301.15,32.0,36.0,34.0,3317.0,701.0,0.004700426533698011,101.85000000000002
255,304.6,311.5,308.05,32.0,36.0,34.0,3252.0,802.0,0.004700426533697972,94.94999999999999
256,311.5,318.5,315.0,32.0,36.0,34.0,3229.0,918.0,0.00476854865737477,88.0
257,318.5,325.4,321.95,32.0,36.0,34.0,3200.0,921.0,0.004700426533697972,81.05000000000001
258,325.4,332.3,328.85,32.0,36.0,34.0,3170.0,998.0,0.004700426533698011,74.14999999999998
259,332.3,339.2,335.75,32.0,36.0,34.0,3164.0,1009.0,0.004700426533697972,67.25
260,339.2,346.2,342.7,32.0,36.0,34.0,3158.0,1002.0,0.00476854865737477,60.30000000000001
261,346.2,353.1,349.65,32.0,36.0,34.0,3170.0,1095.0,0.004700426533698011,53.35000000000002
262,353.1,360.0,356.55,32.0,36.0,34.0,3176.0,1066.0,0.004700426533697972,46.44999999999999
263,0.0,6.3,3.15,36.0,40.0,38.0,3321.0,904.0,0.004725078796611755,39.85
264,6.3,12.6,9.45,36.0,40.0,38.0,3346.0,892.0,0.004725078796611755,33.55
265,12.6,18.9,15.75,36.0,40.0,38.0,3378.0,837.0,0.004725078796611755,27.25
266,18.9,25.3,22.1,36.0,40.0,38.0,3411.0,780.0,0.004800080047351625,20.9
267,25.3,31.6,28.450000000000003,36.0,40.0,38.0,3430.0,813.0,0.0047250787966117555,14.549999999999997
268,31.6,37.9,34.75,36.0,40.0,38.0,3453.0,801.0,0.004725078796611753,8.25
269,37.9,44.2,41.05,36.0,40.0,38.0,3495.0,805.0,0.004725078796611758,1.9500000000000028
270,44.2,50.5,47.35,36.0,40.0,38.0,3526.0,702.0,0.004725078796611753,355.65
271,50.5,56.8,53.65,36.0,40.0,38.0,3640.0,526.0,0.004725078796611753,349.35
272,56.8,63.2,60.0,36.0,40.0,38.0,3745.0,484.0,0.004800080047351629,343.0
273,63.2,69.5,66.35,36.0,40.0,38.0,3768.0,473.0,0.004725078796611753,336.65
274,69.5,75.8,72.65,36.0,40.0,38.0,3796.0,433.0,0.004725078796611753,330.35
275,75.8,82.1,78.94999999999999,36.0,40.0,38.0,3898.0,392.0,0.004725078796611753,324.05
276,82.1,88.4,85.25,36.0,40.0,38.0,4054.0,259.0,0.004725078796611763,317.75
277,88.4,94.7,91.55000000000001,36.0,40.0,38.0,4136.0,243.0,0.004725078796611753,311.45
278,94.7,101.1,97.9,36.0,40.0,38.0,4230.0,184.0,0.004800080047351617,305.1
279,101.1,107.4,104.25,36.0,40.0,38.0,4351.0,202.0,0.004725078796611763,298.75
280,107.4,113.7,110.55000000000001,36.0,40.0,38.0,4391.0,159.0,0.004725078796611753,292.45
281,113.7,120.0,116.85,36.0,40.0,38.0,4506.0,160.0,0.004725078796611753,286.15
282,120.0,126.3,123.15,36.0,40.0,38.0,4771.0,95.0,0.004725078796611753,279.85
283,126.3,132.6,129.45,36.0,40.0,38.0,4977.0,79.0,0.004725078796611753,273.55
284,132.6,138.9,135.75,36.0,40.0,38.0,5041.0,87.0,0.004725078796611763,267.25
285,138.9,145.3,142.10000000000002,36.0,40.0,38.0,4949.0,97.0,0.004800080047351629,260.9
286,145.3,151.6,148.45,36.0,40.0,38.0,4704.0,116.0,0.0047250787966117425,254.55
287,151.6,157.9,154.75,36.0,40.0,38.0,4484.0,200.0,0.004725078796611763,248.25
288,157.9,164.2,161.05,36.0,40.0,38.0,4247.0,261.0,0.0047250787966117425,241.95
289,164.2,170.5,167.35,36.0,40.0,38.0,4032.0,349.0,0.004725078796611763,235.65
290,170.5,176.8,173.65,36.0,40.0,38.0,3798.0,503.0,0.004725078796611763,229.35
291,176.8,183.2,180.0,36.0,40.0,38.0,3684.0,551.0,0.004800080047351607,223.0
292,183.2,189.5,186.35,36.0,40.0,38.0,3598.0,644.0,0.004725078796611763,216.65
293,189.5,195.8,192.65,36.0,40.0,38.0,3498.0,751.0,0.004725078796611763,210.35
294,195.8,202.1,198.95,36.0,40.0,38.0,3519.0,734.0,0.0047250787966117425,204.05
295,202.1,208.4,205.25,36.0,40.0,38.0,3581.0,731.0,0.004725078796611763,197.75
296,208.4,214.7,211.55,36.0,40.0,38.0,3652.0,690.0,0.0047250787966117425,191.45
297,214.7,221.1,217.89999999999998,36.0,40.0,38.0,3760.0,641.0,0.004800080047351629,185.10000000000002
298,221.1,227.4,224.25,36.0,40.0,38.0,3814.0,545.0,0.004725078796611763,178.75
299,227.4,233.7,230.55,36.0,40.0,38.0,3839.0,554.0,0.0047250787966117425,172.45
300,233.7,240.0,236.85,36.0,40.0,38.0,3780.0,550.0,0.004725078796611763,166.15
301,240.0,246.3,243.15,36.0,40.0,38.0,3778.0,572.0,0.004725078796611763,159.85
302,246.3,252.6,249.45,36.0,40.0,38.0,3853.0,515.0,0.0047250787966117425,153.55
303,252.6,258.9,255.75,36.0,40.0,38.0,3967.0,383.0,0.0047250787966117425,147.25
304,258.9,265.3,262.1,36.0,40.0,38.0,4020.0,425.0,0.0048000800473516495,140.89999999999998
305,265.3,271.6,268.45000000000005,36.0,40.0,38.0,4050.0,366.0,0.004725078796611763,134.54999999999995
306,271.6,277.9,274.75,36.0,40.0,38.0,3881.0,414.0,0.004725078796611721,128.25
307,277.9,284.2,281.04999999999995,36.0,40.0,38.0,3739.0,518.0,0.004725078796611763,121.95000000000005
308,284.2,290.5,287.35,36.0,40.0,38.0,3615.0,584.0,0.004725078796611763,115.64999999999998
309,290.5,296.8,293.65,36.0,40.0,38.0,3491.0,622.0,0.004725078796611763,109.35000000000002
310,296.8,303.2,300.0,36.0,40.0,38.0,3393.0,691.0,0.004800080047351607,103.0
311,303.2,309.5,306.35,36.0,40.0,38.0,3350.0,742.0,0.004725078796611763,96.64999999999998
312,309.5,315.8,312.65,36.0,40.0,38.0,3294.0,811.0,0.004725078796611763,90.35000000000002
313,315.8,322.1,318.95000000000005,36.0,40.0,38.0,3283.0,781.0,0.004725078796611763,84.04999999999995
314,322.1,328.4,325.25,36.0,40.0,38.0,3264.0,857.0,0.004725078796611721,77.75
315,328.4,334.7,331.54999999999995,36.0,40.0,38.0,3246.0,910.0,0.004725078796611763,71.45000000000005
316,334.7,341.1,337.9,36.0,40.0,38.0,3261.0,922.0,0.0048000800473516495,65.10000000000002
317,341.1,347.4,344.25,36.0,40.0,38.0,3263.0,1025.0,0.004725078796611721,58.75
318,347.4,353.7,350.54999999999995,36.0,40.0,38.0,3273.0,876.0,0.004725078796611763,52.450000000000045
319,353.7,360.0,356.85,36.0,40.0,38.0,3294.0,923.0,0.004725078796611763,46.14999999999998
320,0.0,5.8,2.9,40.0,44.0,42.0,3450.0,750.0,0.00472786879641011,40.1
321,5.8,11.6,8.7,40.0,44.0,42.0,3469.0,709.0,0.00472786879641011,34.3
322,11.6,17.4,14.5,40.0,44.0,42.0,3496.0,662.0,0.004727868796410109,28.5
323,17.4,23.2,20.299999999999997,40.0,44.0,42.0,3531.0,636.0,0.004727868796410111,22.700000000000003
324,23.2,29.0,26.1,40.0,44.0,42.0,3567.0,654.0,0.004727868796410111,16.9
325,29.0,34.8,31.9,40.0,44.0,42.0,3602.0,639.0,0.004727868796410108,11.100000000000001
326,34.8,40.6,37.7,40.0,44.0,42.0,3644.0,604.0,0.004727868796410114,5.299999999999997
327,40.6,46.5,43.55,40.0,44.0,42.0,3656.0,569.0,0.0048093837756585595,359.45
328,46.5,52.3,49.4,40.0,44.0,42.0,3736.0,486.0,0.004727868796410108,353.6
329,52.3,58.1,55.2,40.0,44.0,42.0,3824.0,438.0,0.004727868796410114,347.8
330,58.1,63.9,61.0,40.0,44.0,42.0,3921.0,323.0,0.004727868796410108,342.0
331,63.9,69.7,66.8,40.0,44.0,42.0,4001.0,342.0,0.004727868796410114,336.2
332,69.7,75.5,72.6,40.0,44.0,42.0,4055.0,302.0,0.004727868796410108,330.4
333,75.5,81.3,78.4,40.0,44.0,42.0,4226.0,228.0,0.004727868796410108,324.6
334,81.3,87.1,84.19999999999999,40.0,44.0,42.0,4443.0,124.0,0.004727868796410108,318.8
335,87.1,92.9,90.0,40.0,44.0,42.0,4434.0,160.0,0.004727868796410119,313.0
336,92.9,98.7,95.80000000000001,40.0,44.0,42.0,4437.0,175.0,0.004727868796410108,307.2
337,98.7,104.5,101.6,40.0,44.0,42.0,4539.0,146.0,0.004727868796410108,301.4
338,104.5,110.3,107.4,40.0,44.0,42.0,4628.0,128.0,0.004727868796410108,295.6
339,110.3,116.1,113.19999999999999,40.0,44.0,42.0,4810.0,106.0,0.004727868796410108,289.8
340,116.1,121.9,119.0,40.0,44.0,42.0,4971.0,93.0,0.004727868796410119,284.0
341,121.9,127.7,124.80000000000001,40.0,44.0,42.0,5157.0,61.0,0.004727868796410108,278.2
342,127.7,133.5,130.6,40.0,44.0,42.0,5157.0,62.0,0.004727868796410108,272.4
343,133.5,139.4,136.45,40.0,44.0,42.0,5256.0,46.0,0.004809383775658565,266.55
344,139.4,145.2,142.3,40.0,44.0,42.0,5226.0,62.0,0.004727868796410096,260.7
345,145.2,151.0,148.1,40.0,44.0,42.0,4963.0,90.0,0.004727868796410119,254.9
346,151.0,156.8,153.9,40.0,44.0,42.0,4741.0,120.0,0.004727868796410119,249.1
347,156.8,162.6,159.7,40.0,44.0,42.0,4486.0,163.0,0.004727868796410096,243.3
348,162.6,168.4,165.5,40.0,44.0,42.0,4252.0,244.0,0.004727868796410119,237.5
349,168.4,174.2,171.3,40.0,44.0,42.0,4024.0,355.0,0.004727868796410096,231.7
350,174.2,180.0,177.1,40.0,44.0,42.0,3817.0,465.0,0.004727868796410119,225.9
351,180.0,185.8,182.9,40.0,44.0,42.0,3698.0,567.0,0.004727868796410119,220.1
352,185.8,191.6,188.7,40.0,44.0,42.0,3604.0,643.0,0.004727868796410096,214.3
353,191.6,197.4,194.5,40.0,44.0,42.0,3509.0,697.0,0.004727868796410119,208.5
354,197.4,203.2,200.3,40.0,44.0,42.0,3531.0,710.0,0.004727868796410096,202.7
355,203.2,209.0,206.1,40.0,44.0,42.0,3577.0,704.0,0.004727868796410119,196.9
356,209.0,214.8,211.9,40.0,44.0,42.0,3662.0,642.0,0.004727868796410119,191.1
357,214.8,220.6,217.7,40.0,44.0,42.0,3788.0,516.0,0.004727868796410096,185.3
358,220.6,226.5,223.55,40.0,44.0,42.0,3858.0,485.0,0.004809383775658565,179.45
359,226.5,232.3,229.4,40.0,44.0,42.0,3822.0,505.0,0.004727868796410119,173.6
360,232.3,238.1,235.2,40.0,44.0,42.0,3817.0,515.0,0.004727868796410096,167.8
361,238.1,243.9,241.0,40.0,44.0,42.0,3819.0,510.0,0.004727868796410119,162.0
362,243.9,249.7,246.8,40.0,44.0,42.0,3879.0,431.0,0.004727868796410096,156.2
363,249.7,255.5,252.6,40.0,44.0,42.0,3987.0,390.0,0.004727868796410119,150.4
364,255.5,261.3,258.4,40.0,44.0,42.0,4045.0,369.0,0.004727868796410119,144.60000000000002
365,261.3,267.1,264.20000000000005,40.0,44.0,42.0,4105.0,336.0,0.004727868796410119,138.79999999999995
366,267.1,272.9,270.0,40.0,44.0,42.0,4168.0,311.0,0.004727868796410073,133.0
367,272.9,278.7,275.79999999999995,40.0,44.0,42.0,3995.0,333.0,0.004727868796410119,127.20000000000005
368,278.7,284.5,281.6,40.0,44.0,42.0,3832.0,409.0,0.004727868796410119,121.39999999999998
369,284.5,290.3,287.4,40.0,44.0,42.0,3686.0,481.0,0.004727868796410119,115.60000000000002
370,290.3,296.1,293.20000000000005,40.0,44.0,42.0,3581.0,562.0,0.004727868796410119,109.79999999999995
371,296.1,301.9,299.0,40.0,44.0,42.0,3524.0,612.0,0.004727868796410073,104.0
372,301.9,307.7,304.79999999999995,40.0,44.0,42.0,3456.0,623.0,0.004727868796410119,98.20000000000005
373,307.7,313.5,310.6,40.0,44.0,42.0,3404.0,659.0,0.004727868796410119,92.39999999999998
374,313.5,319.4,316.45,40.0,44.0,42.0,3386.0,659.0,0.004809383775658542,86.55000000000001
375,319.4,325.2,322.29999999999995,40.0,44.0,42.0,3367.0,757.0,0.004727868796410119,80.70000000000005
376,325.2,331.0,328.1,40.0,44.0,42.0,3365.0,765.0,0.004727868796410119,74.89999999999998
377,331.0,336.8,333.9,40.0,44.0,42.0,3354.0,760.0,0.004727868796410119,69.10000000000002
378,336.8,342.6,339.70000000000005,40.0,44.0,42.0,3377.0,797.0,0.004727868796410119,63.299999999999955
379,342.6,348.4,345.5,40.0,44.0,42.0,3352.0,796.0,0.004727868796410073,57.5
380,348.4,354.2,351.29999999999995,40.0,44.0,42.0,3371.0,823.0,0.004727868796410119,51.700000000000045
381,354.2,360.0,357.1,40.0,44.0,42.0,3412.0,736.0,0.004727868796410119,45.89999999999998
382,0.0,5.5,2.75,44.0,48.0,46.0,3606.0,605.0,0.004819736623459463,40.25
383,5.5,10.9,8.2,44.0,48.0,46.0,3644.0,530.0,0.004732105048487473,34.8
384,10.9,16.4,13.649999999999999,44.0,48.0,46.0,3703.0,467.0,0.004819736623459461,29.35
385,16.4,21.8,19.1,44.0,48.0,46.0,3776.0,473.0,0.004732105048487474,23.9
386,21.8,27.3,24.55,44.0,48.0,46.0,3809.0,458.0,0.004819736623459463,18.45
387,27.3,32.7,30.0,44.0,48.0,46.0,3825.0,470.0,0.004732105048487474,13.0
388,32.7,38.2,35.45,44.0,48.0,46.0,3871.0,456.0,0.004819736623459463,7.549999999999997
389,38.2,43.6,40.900000000000006,44.0,48.0,46.0,3938.0,427.0,0.004732105048487471,2.0999999999999943
390,43.6,49.1,46.35,44.0,48.0,46.0,4022.0,338.0,0.004819736623459463,356.65
391,49.1,54.5,51.8,44.0,48.0,46.0,4118.0,298.0,0.004732105048487471,351.2
392,54.5,60.0,57.25,44.0,48.0,46.0,4118.0,257.0,0.004819736623459463,345.75
393,60.0,65.5,62.75,44.0,48.0,46.0,4187.0,250.0,0.004819736623459463,340.25
394,65.5,70.9,68.2,44.0,48.0,46.0,4318.0,197.0,0.004732105048487477,334.8
395,70.9,76.4,73.65,44.0,48.0,46.0,4477.0,151.0,0.004819736623459463,329.35
396,76.4,81.8,79.1,44.0,48.0,46.0,4807.0,100.0,0.004732105048487465,323.9
397,81.8,87.3,84.55,44.0,48.0,46.0,5327.0,56.0,0.004819736623459463,318.45
398,87.3,92.7,90.0,44.0,48.0,46.0,5332.0,49.0,0.004732105048487477,313.0
399,92.7,98.2,95.45,44.0,48.0,46.0,5168.0,64.0,0.004819736623459463,307.55
400,98.2,103.6,100.9,44.0,48.0,46.0,5173.0,66.0,0.004732105048487465,302.1
401,103.6,109.1,106.35,44.0,48.0,46.0,5180.0,48.0,0.004819736623459463,296.65
402,109.1,114.5,111.8,44.0,48.0,46.0,5218.0,65.0,0.004732105048487477,291.2
403,114.5,120.0,117.25,44.0,48.0,46.0,5270.0,52.0,0.004819736623459463,285.75
404,120.0,125.5,122.75,44.0,48.0,46.0,5390.0,42.0,0.004819736623459463,280.25
405,125.5,130.9,128.2,44.0,48.0,46.0,5387.0,38.0,0.004732105048487477,274.8
406,130.9,136.4,133.65,44.0,48.0,46.0,5502.0,47.0,0.004819736623459463,269.35
407,136.4,141.8,139.10000000000002,44.0,48.0,46.0,5652.0,41.0,0.004732105048487477,263.9
408,141.8,147.3,144.55,44.0,48.0,46.0,5839.0,35.0,0.004819736623459463,258.45
409,147.3,152.7,150.0,44.0,48.0,46.0,5670.0,34.0,0.004732105048487452,253.0
410,152.7,158.2,155.45,44.0,48.0,46.0,5395.0,27.0,0.004819736623459463,247.55
411,158.2,163.6,160.89999999999998,44.0,48.0,46.0,4786.0,71.0,0.004732105048487477,242.10000000000002
412,163.6,169.1,166.35,44.0,48.0,46.0,4442.0,155.0,0.004819736623459463,236.65
413,169.1,174.5,171.8,44.0,48.0,46.0,4195.0,200.0,0.004732105048487477,231.2
414,174.5,180.0,177.25,44.0,48.0,46.0,3917.0,318.0,0.004819736623459463,225.75
415,180.0,185.5,182.75,44.0,48.0,46.0,3717.0,514.0,0.004819736623459463,220.25
416,185.5,190.9,188.2,44.0,48.0,46.0,3628.0,656.0,0.004732105048487477,214.8
417,190.9,196.4,193.65,44.0,48.0,46.0,3558.0,734.0,0.004819736623459463,209.35
418,196.4,201.8,199.10000000000002,44.0,48.0,46.0,3535.0,772.0,0.004732105048487477,203.89999999999998
419,201.8,207.3,204.55,44.0,48.0,46.0,3573.0,727.0,0.004819736623459463,198.45
420,207.3,212.7,210.0,44.0,48.0,46.0,3640.0,654.0,0.004732105048487452,193.0
421,212.7,218.2,215.45,44.0,48.0,46.0,3782.0,590.0,0.004819736623459463,187.55
422,218.2,223.6,220.89999999999998,44.0,48.0,46.0,3900.0,505.0,0.004732105048487477,182.10000000000002
423,223.6,229.1,226.35,44.0,48.0,46.0,3895.0,526.0,0.004819736623459463,176.65
424,229.1,234.5,231.8,44.0,48.0,46.0,3839.0,521.0,0.004732105048487477,171.2
425,234.5,240.0,237.25,44.0,48.0,46.0,3835.0,496.0,0.004819736623459463,165.75
426,240.0,245.5,242.75,44.0,48.0,46.0,3911.0,456.0,0.004819736623459463,160.25
427,245.5,250.9,248.2,44.0,48.0,46.0,4015.0,380.0,0.004732105048487477,154.8
428,250.9,256.4,253.64999999999998,44.0,48.0,46.0,4086.0,336.0,0.004819736623459438,149.35000000000002
429,256.4,261.8,259.1,44.0,48.0,46.0,4115.0,374.0,0.004732105048487502,143.89999999999998
430,261.8,267.3,264.55,44.0,48.0,46.0,4262.0,289.0,0.004819736623459463,138.45
431,267.3,272.7,270.0,44.0,48.0,46.0,4320.0,240.0,0.004732105048487452,133.0
432,272.7,278.2,275.45,44.0,48.0,46.0,4156.0,299.0,0.004819736623459463,127.55000000000001
433,278.2,283.6,280.9,44.0,48.0,46.0,4002.0,344.0,0.004732105048487502,122.10000000000002
434,283.6,289.1,286.35,44.0,48.0,46.0,3859.0,416.0,0.004819736623459463,116.64999999999998
435,289.1,294.5,291.8,44.0,48.0,46.0,3722.0,482.0,0.004732105048487452,111.19999999999999
436,294.5,300.0,297.25,44.0,48.0,46.0,3647.0,465.0,0.004819736623459463,105.75
437,300.0,305.5,302.75,44.0,48.0,46.0,3602.0,492.0,0.004819736623459463,100.25
438,305.5,310.9,308.2,44.0,48.0,46.0,3552.0,513.0,0.004732105048487452,94.80000000000001
439,310.9,316.4,313.65,44.0,48.0,46.0,3503.0,594.0,0.004819736623459463,89.35000000000002
440,316.4,321.8,319.1,44.0,48.0,46.0,3508.0,587.0,0.004732105048487502,83.89999999999998
441,321.8,327.3,324.55,44.0,48.0,46.0,3483.0,585.0,0.004819736623459463,78.44999999999999
442,327.3,332.7,330.0,44.0,48.0,46.0,3489.0,633.0,0.004732105048487452,73.0
443,332.7,338.2,335.45,44.0,48.0,46.0,3478.0,692.0,0.004819736623459463,67.55000000000001
444,338.2,343.6,340.9,44.0,48.0,46.0,3488.0,637.0,0.004732105048487502,62.10000000000002
445,343.6,349.1,346.35,44.0,48.0,46.0,3495.0,627.0,0.004819736623459463,56.64999999999998
446,349.1,354.5,351.8,44.0,48.0,46.0,3525.0,599.0,0.004732105048487452,51.19999999999999
447,354.5,360.0,357.25,44.0,48.0,46.0,3571.0,584.0,0.004819736623459463,45.75
448,0.0,5.1,2.55,48.0,52.0,50.0,3920.0,330.0,0.004759383162019045,40.45
449,5.1,10.3,7.7,48.0,52.0,50.0,3979.0,315.0,0.004852704400490007,35.3
450,10.3,15.4,12.850000000000001,48.0,52.0,50.0,4050.0,315.0,0.004759383162019045,30.15
451,15.4,20.6,18.0,48.0,52.0,50.0,4075.0,299.0,0.004852704400490007,25.0
452,20.6,25.7,23.15,48.0,52.0,50.0,4094.0,261.0,0.004759383162019042,19.85
453,25.7,30.9,28.299999999999997,48.0,52.0,50.0,4149.0,270.0,0.004852704400490005,14.700000000000003
454,30.9,36.0,33.45,48.0,52.0,50.0,4294.0,247.0,0.004759383162019046,9.549999999999997
455,36.0,41.1,38.55,48.0,52.0,50.0,4332.0,234.0,0.004759383162019046,4.450000000000003
456,41.1,46.3,43.7,48.0,52.0,50.0,4336.0,236.0,0.0048527044004900025,359.3
457,46.3,51.4,48.849999999999994,48.0,52.0,50.0,4440.0,162.0,0.004759383162019046,354.15
458,51.4,56.6,54.0,48.0,52.0,50.0,4571.0,158.0,0.0048527044004900086,349.0
459,56.6,61.7,59.150000000000006,48.0,52.0,50.0,4577.0,159.0,0.004759383162019046,343.85
460,61.7,66.9,64.30000000000001,48.0,52.0,50.0,4682.0,128.0,0.0048527044004900086,338.7
461,66.9,72.0,69.45,48.0,52.0,50.0,4870.0,103.0,0.0047593831620190395,333.55
462,72.0,77.1,74.55,48.0,52.0,50.0,5052.0,75.0,0.0047593831620190395,328.45
463,77.1,82.3,79.69999999999999,48.0,52.0,50.0,5586.0,40.0,0.0048527044004900086,323.3
464,82.3,87.4,84.85,48.0,52.0,50.0,5782.0,34.0,0.0047593831620190525,318.15
465,87.4,92.6,90.0,48.0,52.0,50.0,5554.0,41.0,0.0048527044004899956,313.0
466,92.6,97.7,95.15,48.0,52.0,50.0,5519.0,35.0,0.0047593831620190525,307.85
467,97.7,102.9,100.30000000000001,48.0,52.0,50.0,5461.0,44.0,0.0048527044004900086,302.7
468,102.9,108.0,105.45,48.0,52.0,50.0,5430.0,37.0,0.0047593831620190395,297.55
469,108.0,113.1,110.55,48.0,52.0,50.0,5452.0,41.0,0.0047593831620190395,292.45
470,113.1,118.3,115.69999999999999,48.0,52.0,50.0,5504.0,35.0,0.0048527044004900086,287.3
471,118.3,123.4,120.85,48.0,52.0,50.0,5614.0,35.0,0.0047593831620190525,282.15
472,123.4,128.6,126.0,48.0,52.0,50.0,5680.0,30.0,0.0048527044004899956,277.0
473,128.6,133.7,131.14999999999998,48.0,52.0,50.0,5804.0,33.0,0.0047593831620190395,271.85
474,133.7,138.9,136.3,48.0,52.0,50.0,5980.0,28.0,0.004852704400490022,266.7
475,138.9,144.0,141.45,48.0,52.0,50.0,6245.0,22.0,0.0047593831620190395,261.55
476,144.0,149.1,146.55,48.0,52.0,50.0,6652.0,12.0,0.0047593831620190395,256.45
477,149.1,154.3,151.7,48.0,52.0,50.0,7370.0,4.0,0.004852704400490022,251.3
478,154.3,159.4,156.85000000000002,48.0,52.0,50.0,7729.0,4.0,0.0047593831620190395,246.14999999999998
479,159.4,164.6,162.0,48.0,52.0,50.0,7584.0,4.0,0.0048527044004899956,241.0
480,164.6,169.7,167.14999999999998,48.0,52.0,50.0,7415.0,4.0,0.0047593831620190395,235.85000000000002
481,169.7,174.9,172.3,48.0,52.0,50.0,6974.0,5.0,0.004852704400490022,230.7
482,174.9,180.0,177.45,48.0,52.0,50.0,5742.0,24.0,0.0047593831620190395,225.55
483,180.0,185.1,182.55,48.0,52.0,50.0,4579.0,101.0,0.0047593831620190395,220.45
484,185.1,190.3,187.7,48.0,52.0,50.0,3915.0,301.0,0.004852704400490022,215.3
485,190.3,195.4,192.85000000000002,48.0,52.0,50.0,3654.0,647.0,0.0047593831620190395,210.14999999999998
486,195.4,200.6,198.0,48.0,52.0,50.0,3605.0,687.0,0.0048527044004899956,205.0
487,200.6,205.7,203.14999999999998,48.0,52.0,50.0,3599.0,695.0,0.0047593831620190395,199.85000000000002
488,205.7,210.9,208.3,48.0,52.0,50.0,3648.0,800.0,0.004852704400490022,194.7
489,210.9,216.0,213.45,48.0,52.0,50.0,3766.0,592.0,0.0047593831620190395,189.55
490,216.0,221.1,218.55,48.0,52.0,50.0,3922.0,550.0,0.0047593831620190395,184.45
491,221.1,226.3,223.7,48.0,52.0,50.0,3963.0,494.0,0.004852704400490022,179.3
492,226.3,231.4,228.85000000000002,48.0,52.0,50.0,3908.0,462.0,0.0047593831620190395,174.14999999999998
493,231.4,236.6,234.0,48.0,52.0,50.0,3866.0,502.0,0.0048527044004899956,169.0
494,236.6,241.7,239.14999999999998,48.0,52.0,50.0,3920.0,447.0,0.0047593831620190395,163.85000000000002
495,241.7,246.9,244.3,48.0,52.0,50.0,4036.0,395.0,0.004852704400490022,158.7
496,246.9,252.0,249.45,48.0,52.0,50.0,4146.0,338.0,0.0047593831620190395,153.55
497,252.0,257.1,254.55,48.0,52.0,50.0,4182.0,340.0,0.0047593831620190655,148.45
498,257.1,262.3,259.70000000000005,48.0,52.0,50.0,4275.0,285.0,0.0048527044004899956,143.29999999999995
499,262.3,267.4,264.85,48.0,52.0,50.0,4484.0,201.0,0.004759383162019013,138.14999999999998
500,267.4,272.6,270.0,48.0,52.0,50.0,4466.0,199.0,0.0048527044004900485,133.0
501,272.6,277.7,275.15,48.0,52.0,50.0,4315.0,260.0,0.004759383162019013,127.85000000000002
502,277.7,282.9,280.29999999999995,48.0,52.0,50.0,4176.0,296.0,0.0048527044004899956,122.70000000000005
503,282.9,288.0,285.45,48.0,52.0,50.0,4016.0,364.0,0.0047593831620190655,117.55000000000001
504,288.0,293.1,290.55,48.0,52.0,50.0,3906.0,403.0,0.0047593831620190655,112.44999999999999
505,293.1,298.3,295.70000000000005,48.0,52.0,50.0,3846.0,387.0,0.0048527044004899956,107.29999999999995
506,298.3,303.4,300.85,48.0,52.0,50.0,3794.0,421.0,0.004759383162019013,102.14999999999998
507,303.4,308.6,306.0,48.0,52.0,50.0,3736.0,411.0,0.0048527044004900485,97.0
508,308.6,313.7,311.15,48.0,52.0,50.0,3699.0,422.0,0.004759383162019013,91.85000000000002
509,313.7,318.9,316.29999999999995,48.0,52.0,50.0,3666.0,415.0,0.0048527044004899956,86.70000000000005
510,318.9,324.0,321.45,48.0,52.0,50.0,3677.0,434.0,0.0047593831620190655,81.55000000000001
511,324.0,329.1,326.55,48.0,52.0,50.0,3662.0,513.0,0.0047593831620190655,76.44999999999999
512,329.1,334.3,331.70000000000005,48.0,52.0,50.0,3650.0,468.0,0.0048527044004899956,71.29999999999995
513,334.3,339.4,336.85,48.0,52.0,50.0,3663.0,481.0,0.004759383162019013,66.14999999999998
514,339.4,344.6,342.0,48.0,52.0,50.0,3703.0,420.0,0.0048527044004900485,61.0
515,344.6,349.7,347.15,48.0,52.0,50.0,3739.0,429.0,0.004759383162019013,55.85000000000002
516,349.7,354.9,352.29999999999995,48.0,52.0,50.0,3782.0,420.0,0.0048527044004899956,50.700000000000045
517,354.9,360.0,357.45,48.0,52.0,50.0,3865.0,374.0,0.0047593831620190655,45.55000000000001
518,0.0,4.9,2.45,52.0,56.0,54.0,4339.0,173.0,0.004829256263559316,40.55
519,4.9,9.7,7.3,52.0,56.0,54.0,4394.0,155.0,0.004730700013282594,35.7
520,9.7,14.6,12.149999999999999,52.0,56.0,54.0,4493.0,143.0,0.004829256263559316,30.85
521,14.6,19.5,17.05,52.0,56.0,54.0,4536.0,132.0,0.004829256263559316,25.95
522,19.5,24.3,21.9,52.0,56.0,54.0,4559.0,168.0,0.0047307000132825955,21.1
523,24.3,29.2,26.75,52.0,56.0,54.0,4569.0,111.0,0.004829256263559315,16.25
524,29.2,34.1,31.65,52.0,56.0,54.0,4677.0,151.0,0.004829256263559318,11.350000000000001
525,34.1,38.9,36.5,52.0,56.0,54.0,4873.0,101.0,0.004730700013282592,6.5
526,38.9,43.8,41.349999999999994,52.0,56.0,54.0,5089.0,87.0,0.004829256263559315,1.6500000000000057
527,43.8,48.6,46.2,52.0,56.0,54.0,5165.0,57.0,0.0047307000132826,356.8
528,48.6,53.5,51.05,52.0,56.0,54.0,5250.0,73.0,0.004829256263559315,351.95
529,53.5,58.4,55.95,52.0,56.0,54.0,5364.0,65.0,0.004829256263559315,347.05
530,58.4,63.2,60.8,52.0,56.0,54.0,5440.0,38.0,0.0047307000132826,342.2
531,63.2,68.1,65.65,52.0,56.0,54.0,5568.0,42.0,0.004829256263559308,337.35
532,68.1,73.0,70.55,52.0,56.0,54.0,5862.0,27.0,0.004829256263559322,332.45
533,73.0,77.8,75.4,52.0,56.0,54.0,6334.0,20.0,0.004730700013282592,327.6
534,77.8,82.7,80.25,52.0,56.0,54.0,6350.0,14.0,0.004829256263559322,322.75
535,82.7,87.6,85.15,52.0,56.0,54.0,6036.0,21.0,0.004829256263559308,317.85
536,87.6,92.4,90.0,52.0,56.0,54.0,5778.0,37.0,0.004730700013282607,313.0
537,92.4,97.3,94.85,52.0,56.0,54.0,5708.0,28.0,0.004829256263559308,308.15
538,97.3,102.2,99.75,52.0,56.0,54.0,5731.0,26.0,0.004829256263559322,303.25
539,102.2,107.0,104.6,52.0,56.0,54.0,5809.0,24.0,0.004730700013282592,298.4
540,107.0,111.9,109.45,52.0,56.0,54.0,5869.0,27.0,0.004829256263559322,293.55
541,111.9,116.8,114.35,52.0,56.0,54.0,5875.0,22.0,0.004829256263559308,288.65
542,116.8,121.6,119.19999999999999,52.0,56.0,54.0,5885.0,31.0,0.004730700013282592,283.8
543,121.6,126.5,124.05,52.0,56.0,54.0,6020.0,18.0,0.004829256263559322,278.95
544,126.5,131.4,128.95,52.0,56.0,54.0,6132.0,19.0,0.004829256263559322,274.05
545,131.4,136.2,133.8,52.0,56.0,54.0,6190.0,15.0,0.004730700013282578,269.2
546,136.2,141.1,138.64999999999998,52.0,56.0,54.0,6496.0,9.0,0.004829256263559322,264.35
547,141.1,145.9,143.5,52.0,56.0,54.0,7392.0,1.0,0.004730700013282607,259.5
548,145.9,150.8,148.35000000000002,52.0,56.0,54.0,7747.0,4.0,0.004829256263559322,254.64999999999998
549,150.8,155.7,153.25,52.0,56.0,54.0,7836.0,1.0,0.004829256263559294,249.75
550,155.7,160.5,158.1,52.0,56.0,54.0,7971.0,3.0,0.004730700013282607,244.9
551,160.5,165.4,162.95,52.0,56.0,54.0,7863.0,8.0,0.004829256263559322,240.05
552,165.4,170.3,167.85000000000002,52.0,56.0,54.0,7932.0,6.0,0.004829256263559322,235.14999999999998
553,170.3,175.1,172.7,52.0,56.0,54.0,7917.0,3.0,0.004730700013282578,230.3
554,175.1,180.0,177.55,52.0,56.0,54.0,7485.0,6.0,0.004829256263559322,225.45
555,180.0,184.9,182.45,52.0,56.0,54.0,6554.0,14.0,0.004829256263559322,220.55
556,184.9,189.7,187.3,52.0,56.0,54.0,5334.0,42.0,0.004730700013282578,215.7
557,189.7,194.6,192.14999999999998,52.0,56.0,54.0,4440.0,149.0,0.004829256263559322,210.85000000000002
558,194.6,199.5,197.05,52.0,56.0,54.0,3781.0,450.0,0.004829256263559322,205.95
559,199.5,204.3,201.9,52.0,56.0,54.0,3690.0,600.0,0.004730700013282607,201.1
560,204.3,209.2,206.75,52.0,56.0,54.0,3706.0,646.0,0.004829256263559294,196.25
561,209.2,214.1,211.64999999999998,52.0,56.0,54.0,3811.0,561.0,0.004829256263559322,191.35000000000002
562,214.1,218.9,216.5,52.0,56.0,54.0,4027.0,408.0,0.004730700013282607,186.5
563,218.9,223.8,221.35000000000002,52.0,56.0,54.0,4112.0,333.0,0.004829256263559322,181.64999999999998
564,223.8,228.6,226.2,52.0,56.0,54.0,4042.0,376.0,0.004730700013282578,176.8
565,228.6,233.5,231.05,52.0,56.0,54.0,3982.0,473.0,0.004829256263559322,171.95
566,233.5,238.4,235.95,52.0,56.0,54.0,3980.0,452.0,0.004829256263559322,167.05
567,238.4,243.2,240.8,52.0,56.0,54.0,4074.0,369.0,0.004730700013282578,162.2
568,243.2,248.1,245.64999999999998,52.0,56.0,54.0,4177.0,299.0,0.004829256263559322,157.35000000000002
569,248.1,253.0,250.55,52.0,56.0,54.0,4255.0,296.0,0.004829256263559322,152.45
570,253.0,257.8,255.4,52.0,56.0,54.0,4393.0,266.0,0.004730700013282607,147.6
571,257.8,262.7,260.25,52.0,56.0,54.0,4574.0,182.0,0.004829256263559294,142.75
572,262.7,267.6,265.15,52.0,56.0,54.0,4773.0,149.0,0.004829256263559349,137.85000000000002
573,267.6,272.4,270.0,52.0,56.0,54.0,4711.0,158.0,0.00473070001328255,133.0
574,272.4,277.3,274.85,52.0,56.0,54.0,4473.0,178.0,0.004829256263559349,128.14999999999998
575,277.3,282.2,279.75,52.0,56.0,54.0,4313.0,240.0,0.004829256263559294,123.25
576,282.2,287.0,284.6,52.0,56.0,54.0,4185.0,280.0,0.004730700013282607,118.39999999999998
577,287.0,291.9,289.45,52.0,56.0,54.0,4068.0,263.0,0.004829256263559294,113.55000000000001
578,291.9,296.8,294.35,52.0,56.0,54.0,4071.0,256.0,0.004829256263559349,108.64999999999998
579,296.8,301.6,299.20000000000005,52.0,56.0,54.0,4006.0,299.0,0.004730700013282607,103.79999999999995
580,301.6,306.5,304.05,52.0,56.0,54.0,3966.0,329.0,0.004829256263559294,98.94999999999999
581,306.5,311.4,308.95,52.0,56.0,54.0,3945.0,269.0,0.004829256263559294,94.05000000000001
582,311.4,316.2,313.79999999999995,52.0,56.0,54.0,3891.0,293.0,0.004730700013282607,89.20000000000005
583,316.2,321.1,318.65,52.0,56.0,54.0,3897.0,310.0,0.004829256263559349,84.35000000000002
584,321.1,325.9,323.5,52.0,56.0,54.0,3904.0,278.0,0.00473070001328255,79.5
585,325.9,330.8,328.35,52.0,56.0,54.0,3914.0,311.0,0.004829256263559349,74.64999999999998
586,330.8,335.7,333.25,52.0,56.0,54.0,3941.0,288.0,0.004829256263559294,69.75
587,335.7,340.5,338.1,52.0,56.0,54.0,4022.0,240.0,0.004730700013282607,64.89999999999998
588,340.5,345.4,342.95,52.0,56.0,54.0,4107.0,239.0,0.004829256263559294,60.05000000000001
589,345.4,350.3,347.85,52.0,56.0,54.0,4160.0,178.0,0.004829256263559349,55.14999999999998
590,350.3,355.1,352.70000000000005,52.0,56.0,54.0,4209.0,203.0,0.004730700013282607,50.299999999999955
591,355.1,360.0,357.55,52.0,56.0,54.0,4265.0,191.0,0.004829256263559294,45.44999999999999
592,0.0,4.7,2.35,56.0,60.0,58.0,5030.0,55.0,0.00485562197908463,40.65
593,4.7,9.4,7.050000000000001,56.0,60.0,58.0,5141.0,49.0,0.00485562197908463,35.95
594,9.4,14.0,11.7,56.0,60.0,58.0,5121.0,54.0,0.00475231087314666,31.3
595,14.0,18.7,16.35,56.0,60.0,58.0,5164.0,57.0,0.004855621979084629,26.65
596,18.7,23.4,21.049999999999997,56.0,60.0,58.0,5133.0,71.0,0.004855621979084629,21.950000000000003
597,23.4,28.1,25.75,56.0,60.0,58.0,5127.0,65.0,0.004855621979084633,17.25
598,28.1,32.7,30.400000000000002,56.0,60.0,58.0,5228.0,64.0,0.004752310873146661,12.599999999999998
599,32.7,37.4,35.05,56.0,60.0,58.0,5536.0,58.0,0.004855621979084626,7.950000000000003
600,37.4,42.1,39.75,56.0,60.0,58.0,5671.0,53.0,0.004855621979084633,3.25
601,42.1,46.8,44.45,56.0,60.0,58.0,5757.0,37.0,0.004855621979084626,358.55
602,46.8,51.4,49.099999999999994,56.0,60.0,58.0,5802.0,45.0,0.004752310873146661,353.9
603,51.4,56.1,53.75,56.0,60.0,58.0,5822.0,29.0,0.004855621979084633,349.25
604,56.1,60.8,58.45,56.0,60.0,58.0,5837.0,24.0,0.004855621979084626,344.55
605,60.8,65.5,63.15,56.0,60.0,58.0,5949.0,30.0,0.004855621979084633,339.85
606,65.5,70.1,67.8,56.0,60.0,58.0,6313.0,17.0,0.004752310873146654,335.2
607,70.1,74.8,72.44999999999999,56.0,60.0,58.0,6796.0,4.0,0.004855621979084633,330.55
608,74.8,79.5,77.15,56.0,60.0,58.0,7050.0,5.0,0.004855621979084633,325.85
609,79.5,84.2,81.85,56.0,60.0,58.0,6617.0,4.0,0.004855621979084633,321.15
610,84.2,88.8,86.5,56.0,60.0,58.0,6275.0,20.0,0.004752310873146654,316.5
611,88.8,93.5,91.15,56.0,60.0,58.0,6041.0,18.0,0.004855621979084633,311.85
612,93.5,98.2,95.85,56.0,60.0,58.0,6017.0,23.0,0.004855621979084633,307.15
613,98.2,102.9,100.55000000000001,56.0,60.0,58.0,6248.0,24.0,0.004855621979084633,302.45
614,102.9,107.5,105.2,56.0,60.0,58.0,6304.0,12.0,0.004752310873146654,297.8
615,107.5,112.2,109.85,56.0,60.0,58.0,6323.0,9.0,0.004855621979084633,293.15
616,112.2,116.9,114.55000000000001,56.0,60.0,58.0,6349.0,9.0,0.004855621979084633,288.45
617,116.9,121.6,119.25,56.0,60.0,58.0,6442.0,12.0,0.004855621979084618,283.75
618,121.6,126.2,123.9,56.0,60.0,58.0,6536.0,11.0,0.004752310873146669,279.1
619,126.2,130.9,128.55,56.0,60.0,58.0,6585.0,8.0,0.004855621979084633,274.45
620,130.9,135.6,133.25,56.0,60.0,58.0,6802.0,5.0,0.004855621979084618,269.75
621,135.6,140.3,137.95,56.0,60.0,58.0,7592.0,3.0,0.004855621979084648,265.05
622,140.3,144.9,142.60000000000002,56.0,60.0,58.0,8011.0,2.0,0.004752310873146654,260.4
623,144.9,149.6,147.25,56.0,60.0,58.0,7941.0,5.0,0.004855621979084618,255.75
624,149.6,154.3,151.95,56.0,60.0,58.0,8025.0,0.0,0.004855621979084648,251.05
625,154.3,159.0,156.65,56.0,60.0,58.0,8157.0,1.0,0.004855621979084618,246.35
626,159.0,163.6,161.3,56.0,60.0,58.0,8108.0,2.0,0.004752310873146654,241.7
627,163.6,168.3,165.95,56.0,60.0,58.0,8131.0,3.0,0.004855621979084648,237.05
628,168.3,173.0,170.65,56.0,60.0,58.0,8358.0,1.0,0.004855621979084618,232.35
629,173.0,177.7,175.35,56.0,60.0,58.0,7861.0,2.0,0.004855621979084618,227.65
630,177.7,182.3,180.0,56.0,60.0,58.0,7138.0,8.0,0.0047523108731466835,223.0
631,182.3,187.0,184.65,56.0,60.0,58.0,6426.0,16.0,0.004855621979084618,218.35
632,187.0,191.7,189.35,56.0,60.0,58.0,5931.0,39.0,0.004855621979084618,213.65
633,191.7,196.4,194.05,56.0,60.0,58.0,5503.0,61.0,0.004855621979084648,208.95
634,196.4,201.0,198.7,56.0,60.0,58.0,4217.0,246.0,0.004752310873146654,204.3
635,201.0,205.7,203.35,56.0,60.0,58.0,3841.0,481.0,0.004855621979084618,199.65
636,205.7,210.4,208.05,56.0,60.0,58.0,3910.0,508.0,0.004855621979084648,194.95
637,210.4,215.1,212.75,56.0,60.0,58.0,4143.0,399.0,0.004855621979084618,190.25
638,215.1,219.7,217.39999999999998,56.0,60.0,58.0,4248.0,363.0,0.004752310873146654,185.60000000000002
639,219.7,224.4,222.05,56.0,60.0,58.0,4230.0,313.0,0.004855621979084648,180.95
640,224.4,229.1,226.75,56.0,60.0,58.0,4180.0,356.0,0.004855621979084618,176.25
641,229.1,233.8,231.45,56.0,60.0,58.0,4140.0,403.0,0.004855621979084648,171.55
642,233.8,238.4,236.10000000000002,56.0,60.0,58.0,4118.0,375.0,0.004752310873146654,166.89999999999998
643,238.4,243.1,240.75,56.0,60.0,58.0,4226.0,362.0,0.004855621979084618,162.25
644,243.1,247.8,245.45,56.0,60.0,58.0,4293.0,332.0,0.004855621979084648,157.55
645,247.8,252.5,250.15,56.0,60.0,58.0,4365.0,287.0,0.004855621979084618,152.85
646,252.5,257.1,254.8,56.0,60.0,58.0,4560.0,221.0,0.0047523108731466835,148.2
647,257.1,261.8,259.45000000000005,56.0,60.0,58.0,4834.0,141.0,0.004855621979084618,143.54999999999995
648,261.8,266.5,264.15,56.0,60.0,58.0,4999.0,112.0,0.004855621979084618,138.85000000000002
649,266.5,271.2,268.85,56.0,60.0,58.0,5062.0,112.0,0.004855621979084618,134.14999999999998
650,271.2,275.8,273.5,56.0,60.0,58.0,4799.0,135.0,0.0047523108731466835,129.5
651,275.8,280.5,278.15,56.0,60.0,58.0,4550.0,182.0,0.004855621979084618,124.85000000000002
652,280.5,285.2,282.85,56.0,60.0,58.0,4361.0,200.0,0.004855621979084618,120.14999999999998
653,285.2,289.9,287.54999999999995,56.0,60.0,58.0,4364.0,194.0,0.004855621979084618,115.45000000000005
654,289.9,294.5,292.2,56.0,60.0,58.0,4387.0,194.0,0.0047523108731466835,110.80000000000001
655,294.5,299.2,296.85,56.0,60.0,58.0,4345.0,198.0,0.004855621979084618,106.14999999999998
656,299.2,303.9,301.54999999999995,56.0,60.0,58.0,4286.0,226.0,0.004855621979084618,101.45000000000005
657,303.9,308.6,306.25,56.0,60.0,58.0,4227.0,177.0,0.004855621979084677,96.75
658,308.6,313.2,310.9,56.0,60.0,58.0,4261.0,158.0,0.0047523108731466245,92.10000000000002
659,313.2,317.9,315.54999999999995,56.0,60.0,58.0,4250.0,181.0,0.004855621979084618,87.45000000000005
660,317.9,322.6,320.25,56.0,60.0,58.0,4227.0,172.0,0.004855621979084677,82.75
661,322.6,327.3,324.95000000000005,56.0,60.0,58.0,4322.0,152.0,0.004855621979084618,78.04999999999995
662,327.3,331.9,329.6,56.0,60.0,58.0,4396.0,125.0,0.0047523108731466245,73.39999999999998
663,331.9,336.6,334.25,56.0,60.0,58.0,4451.0,140.0,0.004855621979084677,68.75
664,336.6,341.3,338.95000000000005,56.0,60.0,58.0,4495.0,115.0,0.004855621979084618,64.04999999999995
665,341.3,346.0,343.65,56.0,60.0,58.0,4566.0,106.0,0.004855621979084618,59.35000000000002
666,346.0,350.6,348.3,56.0,60.0,58.0,4747.0,84.0,0.0047523108731466835,54.69999999999999
667,350.6,355.3,352.95000000000005,56.0,60.0,58.0,4883.0,66.0,0.004855621979084618,50.049999999999955
668,355.3,360.0,357.65,56.0,60.0,58.0,4890.0,73.0,0.004855621979084618,45.35000000000002
669,0.0,4.5,2.25,60.0,64.0,62.0,6719.0,6.0,0.004840318812414959,40.75
670,4.5,9.0,6.75,60.0,64.0,62.0,6756.0,5.0,0.004840318812414959,36.25
671,9.0,13.5,11.25,60.0,64.0,62.0,6638.0,15.0,0.004840318812414959,31.75
672,13.5,18.0,15.75,60.0,64.0,62.0,6515.0,5.0,0.004840318812414959,27.25
673,18.0,22.5,20.25,60.0,64.0,62.0,6328.0,11.0,0.004840318812414959,22.75
674,22.5,27.0,24.75,60.0,64.0,62.0,6335.0,12.0,0.004840318812414959,18.25
675,27.0,31.5,29.25,60.0,64.0,62.0,6448.0,14.0,0.004840318812414959,13.75
676,31.5,36.0,33.75,60.0,64.0,62.0,6475.0,16.0,0.004840318812414959,9.25
677,36.0,40.5,38.25,60.0,64.0,62.0,6306.0,13.0,0.004840318812414959,4.75
678,40.5,45.0,42.75,60.0,64.0,62.0,6237.0,13.0,0.004840318812414959,0.25
679,45.0,49.5,47.25,60.0,64.0,62.0,6129.0,15.0,0.004840318812414959,355.75
680,49.5,54.0,51.75,60.0,64.0,62.0,6107.0,18.0,0.004840318812414959,351.25
681,54.0,58.5,56.25,60.0,64.0,62.0,6077.0,20.0,0.004840318812414959,346.75
682,58.5,63.0,60.75,60.0,64.0,62.0,6295.0,9.0,0.004840318812414959,342.25
683,63.0,67.5,65.25,60.0,64.0,62.0,6849.0,12.0,0.004840318812414959,337.75
684,67.5,72.0,69.75,60.0,64.0,62.0,7162.0,7.0,0.004840318812414959,333.25
685,72.0,76.5,74.25,60.0,64.0,62.0,7459.0,3.0,0.004840318812414959,328.75
686,76.5,81.0,78.75,60.0,64.0,62.0,7742.0,2.0,0.004840318812414959,324.25
687,81.0,85.5,83.25,60.0,64.0,62.0,7263.0,5.0,0.004840318812414959,319.75
688,85.5,90.0,87.75,60.0,64.0,62.0,6779.0,3.0,0.004840318812414959,315.25
689,90.0,94.5,92.25,60.0,64.0,62.0,6562.0,10.0,0.004840318812414959,310.75
690,94.5,99.0,96.75,60.0,64.0,62.0,6617.0,9.0,0.004840318812414959,306.25
691,99.0,103.5,101.25,60.0,64.0,62.0,6699.0,6.0,0.004840318812414959,301.75
692,103.5,108.0,105.75,60.0,64.0,62.0,6757.0,11.0,0.004840318812414959,297.25
693,108.0,112.5,110.25,60.0,64.0,62.0,6922.0,4.0,0.004840318812414959,292.75
694,112.5,117.0,114.75,60.0,64.0,62.0,6991.0,11.0,0.004840318812414959,288.25
695,117.0,121.5,119.25,60.0,64.0,62.0,7120.0,5.0,0.004840318812414959,283.75
696,121.5,126.0,123.75,60.0,64.0,62.0,7702.0,0.0,0.004840318812414959,279.25
697,126.0,130.5,128.25,60.0,64.0,62.0,7863.0,3.0,0.004840318812414959,274.75
698,130.5,135.0,132.75,60.0,64.0,62.0,8048.0,3.0,0.004840318812414959,270.25
699,135.0,139.5,137.25,60.0,64.0,62.0,8313.0,2.0,0.004840318812414959,265.75
700,139.5,144.0,141.75,60.0,64.0,62.0,8176.0,2.0,0.004840318812414959,261.25
701,144.0,148.5,146.25,60.0,64.0,62.0,8060.0,1.0,0.004840318812414959,256.75
702,148.5,153.0,150.75,60.0,64.0,62.0,8193.0,1.0,0.004840318812414959,252.25
703,153.0,157.5,155.25,60.0,64.0,62.0,8614.0,0.0,0.004840318812414959,247.75
704,157.5,162.0,159.75,60.0,64.0,62.0,8576.0,0.0,0.004840318812414959,243.25
705,162.0,166.5,164.25,60.0,64.0,62.0,8438.0,1.0,0.004840318812414959,238.75
706,166.5,171.0,168.75,60.0,64.0,62.0,8407.0,1.0,0.004840318812414959,234.25
707,171.0,175.5,173.25,60.0,64.0,62.0,8535.0,0.0,0.004840318812414959,229.75
708,175.5,180.0,177.75,60.0,64.0,62.0,7729.0,4.0,0.004840318812414959,225.25
709,180.0,184.5,182.25,60.0,64.0,62.0,6983.0,16.0,0.004840318812414959,220.75
710,184.5,189.0,186.75,60.0,64.0,62.0,6328.0,22.0,0.004840318812414959,216.25
711,189.0,193.5,191.25,60.0,64.0,62.0,5880.0,50.0,0.004840318812414959,211.75
712,193.5,198.0,195.75,60.0,64.0,62.0,5575.0,56.0,0.004840318812414959,207.25
713,198.0,202.5,200.25,60.0,64.0,62.0,5167.0,90.0,0.004840318812414959,202.75
714,202.5,207.0,204.75,60.0,64.0,62.0,4180.0,277.0,0.004840318812414959,198.25
715,207.0,211.5,209.25,60.0,64.0,62.0,4095.0,451.0,0.004840318812414959,193.75
716,211.5,216.0,213.75,60.0,64.0,62.0,4229.0,361.0,0.004840318812414959,189.25
717,216.0,220.5,218.25,60.0,64.0,62.0,4277.0,338.0,0.004840318812414959,184.75
718,220.5,225.0,222.75,60.0,64.0,62.0,4258.0,324.0,0.004840318812414959,180.25
719,225.0,229.5,227.25,60.0,64.0,62.0,4297.0,315.0,0.004840318812414959,175.75
720,229.5,234.0,231.75,60.0,64.0,62.0,4449.0,239.0,0.004840318812414959,171.25
721,234.0,238.5,236.25,60.0,64.0,62.0,4327.0,303.0,0.004840318812414959,166.75
722,238.5,243.0,240.75,60.0,64.0,62.0,4360.0,300.0,0.004840318812414959,162.25
723,243.0,247.5,245.25,60.0,64.0,62.0,4438.0,245.0,0.004840318812414959,157.75
724,247.5,252.0,249.75,60.0,64.0,62.0,4581.0,210.0,0.004840318812414959,153.25
725,252.0,256.5,254.25,60.0,64.0,62.0,4858.0,137.0,0.004840318812414959,148.75
726,256.5,261.0,258.75,60.0,64.0,62.0,5103.0,104.0,0.004840318812414959,144.25
727,261.0,265.5,263.25,60.0,64.0,62.0,5273.0,77.0,0.004840318812414959,139.75
728,265.5,270.0,267.75,60.0,64.0,62.0,5509.0,75.0,0.004840318812414959,135.25
729,270.0,274.5,272.25,60.0,64.0,62.0,5227.0,81.0,0.004840318812414959,130.75
730,274.5,279.0,276.75,60.0,64.0,62.0,4918.0,91.0,0.004840318812414959,126.25
731,279.0,283.5,281.25,60.0,64.0,62.0,4788.0,125.0,0.004840318812414959,121.75
732,283.5,288.0,285.75,60.0,64.0,62.0,4779.0,95.0,0.004840318812414959,117.25
733,288.0,292.5,290.25,60.0,64.0,62.0,4816.0,88.0,0.004840318812414959,112.75
734,292.5,297.0,294.75,60.0,64.0,62.0,4776.0,109.0,0.004840318812414959,108.25
735,297.0,301.5,299.25,60.0,64.0,62.0,4705.0,101.0,0.004840318812414959,103.75
736,301.5,306.0,303.75,60.0,64.0,62.0,4674.0,89.0,0.004840318812414959,99.25
737,306.0,310.5,308.25,60.0,64.0,62.0,4680.0,86.0,0.004840318812414959,94.75
738,310.5,315.0,312.75,60.0,64.0,62.0,4690.0,90.0,0.004840318812414959,90.25
739,315.0,319.5,317.25,60.0,64.0,62.0,4687.0,64.0,0.004840318812414959,85.75
740,319.5,324.0,321.75,60.0,64.0,62.0,4762.0,69.0,0.004840318812414959,81.25
741,324.0,328.5,326.25,60.0,64.0,62.0,4789.0,53.0,0.004840318812414959,76.75
742,328.5,333.0,330.75,60.0,64.0,62.0,4813.0,54.0,0.004840318812414959,72.25
743,333.0,337.5,335.25,60.0,64.0,62.0,4830.0,62.0,0.004840318812414959,67.75
744,337.5,342.0,339.75,60.0,64.0,62.0,5011.0,57.0,0.004840318812414959,63.25
745,342.0,346.5,344.25,60.0,64.0,62.0,5253.0,38.0,0.004840318812414959,58.75
746,346.5,351.0,348.75,60.0,64.0,62.0,5518.0,20.0,0.004840318812414959,54.25
747,351.0,355.5,353.25,60.0,64.0,62.0,5867.0,13.0,0.004840318812414959,49.75
748,355.5,360.0,357.75,60.0,64.0,62.0,6245.0,10.0,0.004840318812414959,45.25
749,0.0,4.3,2.15,64.0,68.0,66.0,7707.0,1.0,0.004785476030429196,40.85
750,4.3,8.7,6.5,64.0,68.0,66.0,7615.0,6.0,0.004896766170671736,36.5
751,8.7,13.0,10.85,64.0,68.0,66.0,7531.0,1.0,0.004785476030429197,32.15
752,13.0,17.3,15.15,64.0,68.0,66.0,7462.0,2.0,0.004785476030429197,27.85
753,17.3,21.7,19.5,64.0,68.0,66.0,7337.0,3.0,0.004896766170671735,23.5
754,21.7,26.0,23.85,64.0,68.0,66.0,7252.0,7.0,0.004785476030429197,19.15
755,26.0,30.4,28.2,64.0,68.0,66.0,7224.0,8.0,0.004896766170671735,14.8
756,30.4,34.7,32.55,64.0,68.0,66.0,7329.0,6.0,0.004785476030429201,10.450000000000003
757,34.7,39.0,36.85,64.0,68.0,66.0,7327.0,5.0,0.004785476030429193,6.149999999999999
758,39.0,43.4,41.2,64.0,68.0,66.0,6814.0,3.0,0.004896766170671735,1.7999999999999972
759,43.4,47.7,45.55,64.0,68.0,66.0,6554.0,17.0,0.004785476030429201,357.45
760,47.7,52.0,49.85,64.0,68.0,66.0,6430.0,22.0,0.004785476030429193,353.15
761,52.0,56.4,54.2,64.0,68.0,66.0,6520.0,20.0,0.004896766170671735,348.8
762,56.4,60.7,58.55,64.0,68.0,66.0,6929.0,11.0,0.004785476030429201,344.45
763,60.7,65.1,62.9,64.0,68.0,66.0,7336.0,0.0,0.004896766170671726,340.1
764,65.1,69.4,67.25,64.0,68.0,66.0,7520.0,5.0,0.004785476030429209,335.75
765,69.4,73.7,71.55000000000001,64.0,68.0,66.0,7919.0,3.0,0.004785476030429193,331.45
766,73.7,78.1,75.9,64.0,68.0,66.0,8102.0,1.0,0.004896766170671726,327.1
767,78.1,82.4,80.25,64.0,68.0,66.0,8288.0,1.0,0.004785476030429209,322.75
768,82.4,86.7,84.55000000000001,64.0,68.0,66.0,8452.0,1.0,0.004785476030429193,318.45
769,86.7,91.1,88.9,64.0,68.0,66.0,8186.0,0.0,0.004896766170671726,314.1
770,91.1,95.4,93.25,64.0,68.0,66.0,7599.0,0.0,0.004785476030429209,309.75
771,95.4,99.8,97.6,64.0,68.0,66.0,7342.0,2.0,0.004896766170671726,305.4
772,99.8,104.1,101.94999999999999,64.0,68.0,66.0,7389.0,7.0,0.004785476030429193,301.05
773,104.1,108.4,106.25,64.0,68.0,66.0,7506.0,5.0,0.004785476030429209,296.75
774,108.4,112.8,110.6,64.0,68.0,66.0,7547.0,5.0,0.004896766170671726,292.4
775,112.8,117.1,114.94999999999999,64.0,68.0,66.0,7671.0,3.0,0.004785476030429193,288.05
776,117.1,121.4,119.25,64.0,68.0,66.0,8145.0,0.0,0.004785476030429209,283.75
777,121.4,125.8,123.6,64.0,68.0,66.0,8255.0,0.0,0.004896766170671726,279.4
778,125.8,130.1,127.94999999999999,64.0,68.0,66.0,8277.0,0.0,0.004785476030429193,275.05
779,130.1,134.5,132.3,64.0,68.0,66.0,8487.0,1.0,0.004896766170671742,270.7
780,134.5,138.8,136.65,64.0,68.0,66.0,8511.0,3.0,0.004785476030429209,266.35
781,138.8,143.1,140.95,64.0,68.0,66.0,8357.0,0.0,0.004785476030429177,262.05
782,143.1,147.5,145.3,64.0,68.0,66.0,8300.0,1.0,0.004896766170671742,257.7
783,147.5,151.8,149.65,64.0,68.0,66.0,8659.0,3.0,0.004785476030429209,253.35
784,151.8,156.1,153.95,64.0,68.0,66.0,9468.0,0.0,0.004785476030429177,249.05
785,156.1,160.5,158.3,64.0,68.0,66.0,10070.0,0.0,0.004896766170671742,244.7
786,160.5,164.8,162.65,64.0,68.0,66.0,9242.0,3.0,0.004785476030429209,240.35
787,164.8,169.2,167.0,64.0,68.0,66.0,8810.0,2.0,0.004896766170671711,236.0
788,169.2,173.5,171.35,64.0,68.0,66.0,8755.0,1.0,0.004785476030429209,231.65
789,173.5,177.8,175.65,64.0,68.0,66.0,8311.0,5.0,0.004785476030429209,227.35
790,177.8,182.2,180.0,64.0,68.0,66.0,7746.0,6.0,0.004896766170671711,223.0
791,182.2,186.5,184.35,64.0,68.0,66.0,6989.0,18.0,0.004785476030429209,218.65
792,186.5,190.8,188.65,64.0,68.0,66.0,6419.0,26.0,0.004785476030429209,214.35
793,190.8,195.2,193.0,64.0,68.0,66.0,5958.0,39.0,0.004896766170671711,210.0
794,195.2,199.5,197.35,64.0,68.0,66.0,5640.0,62.0,0.004785476030429209,205.65
795,199.5,203.9,201.7,64.0,68.0,66.0,5285.0,83.0,0.004896766170671742,201.3
796,203.9,208.2,206.05,64.0,68.0,66.0,4458.0,261.0,0.004785476030429177,196.95
797,208.2,212.5,210.35,64.0,68.0,66.0,4187.0,408.0,0.004785476030429209,192.65
798,212.5,216.9,214.7,64.0,68.0,66.0,4290.0,362.0,0.004896766170671742,188.3
799,216.9,221.2,219.05,64.0,68.0,66.0,4292.0,391.0,0.004785476030429177,183.95
800,221.2,225.5,223.35,64.0,68.0,66.0,4285.0,364.0,0.004785476030429209,179.65
801,225.5,229.9,227.7,64.0,68.0,66.0,4431.0,341.0,0.004896766170671742,175.3
802,229.9,234.2,232.05,64.0,68.0,66.0,4744.0,218.0,0.004785476030429177,170.95
803,234.2,238.6,236.39999999999998,64.0,68.0,66.0,4703.0,211.0,0.004896766170671742,166.60000000000002
804,238.6,242.9,240.75,64.0,68.0,66.0,4617.0,227.0,0.004785476030429209,162.25
805,242.9,247.2,245.05,64.0,68.0,66.0,4715.0,198.0,0.004785476030429177,157.95
806,247.2,251.6,249.39999999999998,64.0,68.0,66.0,4908.0,180.0,0.004896766170671742,153.60000000000002
807,251.6,255.9,253.75,64.0,68.0,66.0,5236.0,103.0,0.004785476030429209,149.25
808,255.9,260.2,258.05,64.0,68.0,66.0,5494.0,59.0,0.004785476030429177,144.95
809,260.2,264.6,262.4,64.0,68.0,66.0,6037.0,31.0,0.004896766170671773,140.60000000000002
810,264.6,268.9,266.75,64.0,68.0,66.0,6412.0,21.0,0.004785476030429146,136.25
811,268.9,273.3,271.1,64.0,68.0,66.0,5753.0,23.0,0.004896766170671773,131.89999999999998
812,273.3,277.6,275.45000000000005,64.0,68.0,66.0,5553.0,45.0,0.004785476030429209,127.54999999999995
813,277.6,281.9,279.75,64.0,68.0,66.0,5420.0,42.0,0.004785476030429146,123.25
814,281.9,286.3,284.1,64.0,68.0,66.0,5394.0,55.0,0.004896766170671773,118.89999999999998
815,286.3,290.6,288.45000000000005,64.0,68.0,66.0,5437.0,47.0,0.004785476030429209,114.54999999999995
816,290.6,294.9,292.75,64.0,68.0,66.0,5399.0,46.0,0.004785476030429146,110.25
817,294.9,299.3,297.1,64.0,68.0,66.0,5326.0,50.0,0.004896766170671773,105.89999999999998
818,299.3,303.6,301.45000000000005,64.0,68.0,66.0,5249.0,41.0,0.004785476030429209,101.54999999999995
819,303.6,308.0,305.8,64.0,68.0,66.0,5261.0,30.0,0.004896766170671711,97.19999999999999
820,308.0,312.3,310.15,64.0,68.0,66.0,5309.0,23.0,0.004785476030429209,92.85000000000002
821,312.3,316.6,314.45000000000005,64.0,68.0,66.0,5320.0,34.0,0.004785476030429209,88.54999999999995
822,316.6,321.0,318.8,64.0,68.0,66.0,5361.0,26.0,0.004896766170671711,84.19999999999999
823,321.0,325.3,323.15,64.0,68.0,66.0,5403.0,25.0,0.004785476030429209,79.85000000000002
824,325.3,329.6,327.45000000000005,64.0,68.0,66.0,5442.0,15.0,0.004785476030429209,75.54999999999995
825,329.6,334.0,331.8,64.0,68.0,66.0,5622.0,31.0,0.004896766170671711,71.19999999999999
826,334.0,338.3,336.15,64.0,68.0,66.0,5893.0,16.0,0.004785476030429209,66.85000000000002
827,338.3,342.7,340.5,64.0,68.0,66.0,6067.0,7.0,0.004896766170671711,62.5
828,342.7,347.0,344.85,64.0,68.0,66.0,6341.0,5.0,0.004785476030429209,58.14999999999998
829,347.0,351.3,349.15,64.0,68.0,66.0,6635.0,6.0,0.004785476030429209,53.85000000000002
830,351.3,355.7,353.5,64.0,68.0,66.0,6921.0,5.0,0.004896766170671711,49.5
831,355.7,360.0,357.85,64.0,68.0,66.0,7713.0,3.0,0.004785476030429209,45.14999999999998
832,0.0,4.2,2.1,68.0,72.0,70.0,8304.0,1.0,0.004807968724976533,40.9
833,4.2,8.5,6.35,68.0,72.0,70.0,8317.0,0.0,0.004922444170809307,36.65
834,8.5,12.7,10.6,68.0,72.0,70.0,8294.0,0.0,0.004807968724976532,32.4
835,12.7,16.9,14.799999999999999,68.0,72.0,70.0,8212.0,2.0,0.004807968724976532,28.200000000000003
836,16.9,21.2,19.049999999999997,68.0,72.0,70.0,8072.0,1.0,0.0049224441708093074,23.950000000000003
837,21.2,25.4,23.299999999999997,68.0,72.0,70.0,7788.0,5.0,0.004807968724976532,19.700000000000003
838,25.4,29.6,27.5,68.0,72.0,70.0,7607.0,3.0,0.0048079687249765355,15.5
839,29.6,33.9,31.75,68.0,72.0,70.0,7701.0,2.0,0.004922444170809304,11.25
840,33.9,38.1,36.0,68.0,72.0,70.0,7797.0,3.0,0.0048079687249765355,7.0
841,38.1,42.4,40.25,68.0,72.0,70.0,7951.0,1.0,0.004922444170809304,2.75
842,42.4,46.6,44.5,68.0,72.0,70.0,7382.0,4.0,0.0048079687249765355,358.5
843,46.6,50.8,48.7,68.0,72.0,70.0,6894.0,6.0,0.004807968724976527,354.3
844,50.8,55.1,52.95,68.0,72.0,70.0,7000.0,6.0,0.004922444170809312,350.05
845,55.1,59.3,57.2,68.0,72.0,70.0,7420.0,3.0,0.004807968724976527,345.8
846,59.3,63.5,61.4,68.0,72.0,70.0,7707.0,1.0,0.0048079687249765355,341.6
847,63.5,67.8,65.65,68.0,72.0,70.0,8170.0,0.0,0.004922444170809304,337.35
848,67.8,72.0,69.9,68.0,72.0,70.0,8463.0,1.0,0.0048079687249765355,333.1
849,72.0,76.2,74.1,68.0,72.0,70.0,8548.0,0.0,0.0048079687249765355,328.9
850,76.2,80.5,78.35,68.0,72.0,70.0,8872.0,1.0,0.004922444170809304,324.65
851,80.5,84.7,82.6,68.0,72.0,70.0,10040.0,0.0,0.0048079687249765355,320.4
852,84.7,88.9,86.80000000000001,68.0,72.0,70.0,9575.0,0.0,0.0048079687249765355,316.2
853,88.9,93.2,91.05000000000001,68.0,72.0,70.0,8878.0,1.0,0.004922444170809304,311.95
854,93.2,97.4,95.30000000000001,68.0,72.0,70.0,8459.0,2.0,0.0048079687249765355,307.7
855,97.4,101.6,99.5,68.0,72.0,70.0,8242.0,1.0,0.004807968724976519,303.5
856,101.6,105.9,103.75,68.0,72.0,70.0,8230.0,1.0,0.0049224441708093205,299.25
857,105.9,110.1,108.0,68.0,72.0,70.0,8170.0,0.0,0.004807968724976519,295.0
858,110.1,114.4,112.25,68.0,72.0,70.0,8203.0,0.0,0.0049224441708093205,290.75
859,114.4,118.6,116.5,68.0,72.0,70.0,8447.0,0.0,0.004807968724976519,286.5
860,118.6,122.8,120.69999999999999,68.0,72.0,70.0,8835.0,0.0,0.0048079687249765355,282.3
861,122.8,127.1,124.94999999999999,68.0,72.0,70.0,8636.0,2.0,0.004922444170809304,278.05
862,127.1,131.3,129.2,68.0,72.0,70.0,8688.0,0.0,0.004807968724976552,273.8
863,131.3,135.5,133.4,68.0,72.0,70.0,8759.0,1.0,0.004807968724976519,269.6
864,135.5,139.8,137.65,68.0,72.0,70.0,8810.0,1.0,0.0049224441708093205,265.35
865,139.8,144.0,141.9,68.0,72.0,70.0,8774.0,0.0,0.004807968724976519,261.1
866,144.0,148.2,146.1,68.0,72.0,70.0,9074.0,1.0,0.004807968724976519,256.9
867,148.2,152.5,150.35,68.0,72.0,70.0,9563.0,0.0,0.0049224441708093205,252.65
868,152.5,156.7,154.6,68.0,72.0,70.0,10440.0,0.0,0.004807968724976519,248.4
869,156.7,160.9,158.8,68.0,72.0,70.0,10400.0,0.0,0.004807968724976552,244.2
870,160.9,165.2,163.05,68.0,72.0,70.0,10220.0,0.0,0.0049224441708092875,239.95
871,165.2,169.4,167.3,68.0,72.0,70.0,9457.0,1.0,0.004807968724976552,235.7
872,169.4,173.6,171.5,68.0,72.0,70.0,9021.0,1.0,0.004807968724976519,231.5
873,173.6,177.9,175.75,68.0,72.0,70.0,8680.0,3.0,0.0049224441708093205,227.25
874,177.9,182.1,180.0,68.0,72.0,70.0,8148.0,2.0,0.004807968724976519,223.0
875,182.1,186.4,184.25,68.0,72.0,70.0,7448.0,8.0,0.0049224441708093205,218.75
876,186.4,190.6,188.5,68.0,72.0,70.0,6739.0,18.0,0.004807968724976519,214.5
877,190.6,194.8,192.7,68.0,72.0,70.0,6267.0,32.0,0.004807968724976552,210.3
878,194.8,199.1,196.95,68.0,72.0,70.0,6018.0,50.0,0.0049224441708092875,206.05
879,199.1,203.3,201.2,68.0,72.0,70.0,5672.0,60.0,0.004807968724976552,201.8
880,203.3,207.5,205.4,68.0,72.0,70.0,4991.0,143.0,0.004807968724976519,197.6
881,207.5,211.8,209.65,68.0,72.0,70.0,4390.0,329.0,0.0049224441708093205,193.35
882,211.8,216.0,213.9,68.0,72.0,70.0,4345.0,354.0,0.004807968724976519,189.1
883,216.0,220.2,218.1,68.0,72.0,70.0,4343.0,404.0,0.004807968724976519,184.9
884,220.2,224.5,222.35,68.0,72.0,70.0,4350.0,408.0,0.0049224441708093205,180.65
885,224.5,228.7,226.6,68.0,72.0,70.0,4499.0,334.0,0.004807968724976519,176.4
886,228.7,232.9,230.8,68.0,72.0,70.0,4848.0,197.0,0.004807968724976552,172.2
887,232.9,237.2,235.05,68.0,72.0,70.0,4988.0,156.0,0.0049224441708092875,167.95
888,237.2,241.4,239.3,68.0,72.0,70.0,4979.0,163.0,0.004807968724976552,163.7
889,241.4,245.6,243.5,68.0,72.0,70.0,5207.0,143.0,0.004807968724976519,159.5
890,245.6,249.9,247.75,68.0,72.0,70.0,5484.0,81.0,0.0049224441708093205,155.25
891,249.9,254.1,252.0,68.0,72.0,70.0,5793.0,68.0,0.004807968724976519,151.0
892,254.1,258.4,256.25,68.0,72.0,70.0,6223.0,36.0,0.0049224441708092875,146.75
893,258.4,262.6,260.5,68.0,72.0,70.0,6657.0,17.0,0.004807968724976584,142.5
894,262.6,266.8,264.70000000000005,68.0,72.0,70.0,7093.0,12.0,0.004807968724976519,138.29999999999995
895,266.8,271.1,268.95000000000005,68.0,72.0,70.0,7360.0,11.0,0.0049224441708093205,134.04999999999995
896,271.1,275.3,273.20000000000005,68.0,72.0,70.0,6519.0,9.0,0.004807968724976519,129.79999999999995
897,275.3,279.5,277.4,68.0,72.0,70.0,6199.0,10.0,0.004807968724976519,125.60000000000002
898,279.5,283.8,281.65,68.0,72.0,70.0,6117.0,24.0,0.0049224441708093205,121.35000000000002
899,283.8,288.0,285.9,68.0,72.0,70.0,6210.0,21.0,0.004807968724976519,117.10000000000002
900,288.0,292.2,290.1,68.0,72.0,70.0,6176.0,21.0,0.004807968724976519,112.89999999999998
901,292.2,296.5,294.35,68.0,72.0,70.0,6129.0,22.0,0.0049224441708093205,108.64999999999998
902,296.5,300.7,298.6,68.0,72.0,70.0,6088.0,23.0,0.004807968724976519,104.39999999999998
903,300.7,304.9,302.79999999999995,68.0,72.0,70.0,6068.0,14.0,0.004807968724976519,100.20000000000005
904,304.9,309.2,307.04999999999995,68.0,72.0,70.0,6081.0,14.0,0.0049224441708093205,95.95000000000005
905,309.2,313.4,311.29999999999995,68.0,72.0,70.0,6146.0,12.0,0.004807968724976519,91.70000000000005
906,313.4,317.6,315.5,68.0,72.0,70.0,6205.0,12.0,0.004807968724976584,87.5
907,317.6,321.9,319.75,68.0,72.0,70.0,6334.0,3.0,0.0049224441708092545,83.25
908,321.9,326.1,324.0,68.0,72.0,70.0,6486.0,6.0,0.004807968724976584,79.0
909,326.1,330.4,328.25,68.0,72.0,70.0,6827.0,6.0,0.0049224441708092545,74.75
910,330.4,334.6,332.5,68.0,72.0,70.0,7090.0,3.0,0.004807968724976584,70.5
911,334.6,338.8,336.70000000000005,68.0,72.0,70.0,7887.0,1.0,0.004807968724976519,66.29999999999995
912,338.8,343.1,340.95000000000005,68.0,72.0,70.0,8423.0,0.0,0.0049224441708093205,62.049999999999955
913,343.1,347.3,345.20000000000005,68.0,72.0,70.0,9136.0,0.0,0.004807968724976519,57.799999999999955
914,347.3,351.5,349.4,68.0,72.0,70.0,8912.0,0.0,0.004807968724976519,53.60000000000002
915,351.5,355.8,353.65,68.0,72.0,70.0,8678.0,0.0,0.0049224441708093205,49.35000000000002
916,355.8,360.0,357.9,68.0,72.0,70.0,8465.0,2.0,0.004807968724976519,45.10000000000002
917,0.0,4.1,2.05,72.0,76.0,74.0,8900.0,1.0,0.004801224580875733,40.95
918,4.1,8.3,6.2,72.0,76.0,74.0,8865.0,1.0,0.004918327619433679,36.8
919,8.3,12.4,10.350000000000001,72.0,76.0,74.0,8819.0,1.0,0.004801224580875733,32.65
920,12.4,16.6,14.5,72.0,76.0,74.0,8695.0,0.0,0.004918327619433679,28.5
921,16.6,20.7,18.65,72.0,76.0,74.0,8615.0,0.0,0.00480122458087573,24.35
922,20.7,24.8,22.75,72.0,76.0,74.0,8567.0,0.0,0.004801224580875735,20.25
923,24.8,29.0,26.9,72.0,76.0,74.0,8380.0,3.0,0.004918327619433677,16.1
924,29.0,33.1,31.05,72.0,76.0,74.0,8151.0,0.0,0.004801224580875735,11.95
925,33.1,37.2,35.150000000000006,72.0,76.0,74.0,8265.0,5.0,0.004801224580875735,7.849999999999994
926,37.2,41.4,39.3,72.0,76.0,74.0,8548.0,1.0,0.004918327619433673,3.700000000000003
927,41.4,45.5,43.45,72.0,76.0,74.0,8481.0,2.0,0.004801224580875735,359.55
928,45.5,49.7,47.6,72.0,76.0,74.0,7882.0,1.0,0.004918327619433681,355.4
929,49.7,53.8,51.75,72.0,76.0,74.0,7518.0,4.0,0.004801224580875727,351.25
930,53.8,57.9,55.849999999999994,72.0,76.0,74.0,7884.0,2.0,0.004801224580875735,347.15
931,57.9,62.1,60.0,72.0,76.0,74.0,8475.0,1.0,0.004918327619433681,343.0
932,62.1,66.2,64.15,72.0,76.0,74.0,8971.0,0.0,0.004801224580875735,338.85
933,66.2,70.3,68.25,72.0,76.0,74.0,9052.0,2.0,0.004801224580875727,334.75
934,70.3,74.5,72.4,72.0,76.0,74.0,9159.0,0.0,0.004918327619433681,330.6
935,74.5,78.6,76.55,72.0,76.0,74.0,9740.0,0.0,0.004801224580875727,326.45
936,78.6,82.8,80.69999999999999,72.0,76.0,74.0,11080.0,2.0,0.004918327619433681,322.3
937,82.8,86.9,84.85,72.0,76.0,74.0,12360.0,0.0,0.004801224580875743,318.15
938,86.9,91.0,88.95,72.0,76.0,74.0,12900.0,0.0,0.004801224580875727,314.05
939,91.0,95.2,93.1,72.0,76.0,74.0,11850.0,0.0,0.004918327619433681,309.9
940,95.2,99.3,97.25,72.0,76.0,74.0,10820.0,0.0,0.004801224580875727,305.75
941,99.3,103.4,101.35,72.0,76.0,74.0,10330.0,0.0,0.004801224580875743,301.65
942,103.4,107.6,105.5,72.0,76.0,74.0,9461.0,0.0,0.004918327619433664,297.5
943,107.6,111.7,109.65,72.0,76.0,74.0,9146.0,0.0,0.004801224580875743,293.35
944,111.7,115.9,113.80000000000001,72.0,76.0,74.0,9193.0,2.0,0.004918327619433681,289.2
945,115.9,120.0,117.95,72.0,76.0,74.0,10530.0,0.0,0.004801224580875727,285.05
946,120.0,124.1,122.05,72.0,76.0,74.0,11380.0,0.0,0.004801224580875727,280.95
947,124.1,128.3,126.2,72.0,76.0,74.0,9585.0,0.0,0.004918327619433698,276.8
948,128.3,132.4,130.35000000000002,72.0,76.0,74.0,9193.0,0.0,0.004801224580875727,272.65
949,132.4,136.6,134.5,72.0,76.0,74.0,9285.0,0.0,0.004918327619433664,268.5
950,136.6,140.7,138.64999999999998,72.0,76.0,74.0,9326.0,3.0,0.004801224580875727,264.35
951,140.7,144.8,142.75,72.0,76.0,74.0,9545.0,0.0,0.00480122458087576,260.25
952,144.8,149.0,146.9,72.0,76.0,74.0,9898.0,0.0,0.004918327619433664,256.1
953,149.0,153.1,151.05,72.0,76.0,74.0,10680.0,0.0,0.004801224580875727,251.95
954,153.1,157.2,155.14999999999998,72.0,76.0,74.0,11060.0,0.0,0.004801224580875727,247.85000000000002
955,157.2,161.4,159.3,72.0,76.0,74.0,10920.0,0.0,0.004918327619433698,243.7
956,161.4,165.5,163.45,72.0,76.0,74.0,10740.0,0.0,0.004801224580875727,239.55
957,165.5,169.7,167.6,72.0,76.0,74.0,10610.0,1.0,0.004918327619433664,235.4
958,169.7,173.8,171.75,72.0,76.0,74.0,9782.0,0.0,0.00480122458087576,231.25
959,173.8,177.9,175.85000000000002,72.0,76.0,74.0,9027.0,2.0,0.004801224580875727,227.14999999999998
960,177.9,182.1,180.0,72.0,76.0,74.0,8498.0,1.0,0.004918327619433664,223.0
961,182.1,186.2,184.14999999999998,72.0,76.0,74.0,7924.0,7.0,0.004801224580875727,218.85000000000002
962,186.2,190.3,188.25,72.0,76.0,74.0,7014.0,15.0,0.00480122458087576,214.75
963,190.3,194.5,192.4,72.0,76.0,74.0,6510.0,22.0,0.004918327619433664,210.6
964,194.5,198.6,196.55,72.0,76.0,74.0,6405.0,37.0,0.004801224580875727,206.45
965,198.6,202.8,200.7,72.0,76.0,74.0,6215.0,37.0,0.004918327619433698,202.3
966,202.8,206.9,204.85000000000002,72.0,76.0,74.0,5660.0,76.0,0.004801224580875727,198.14999999999998
967,206.9,211.0,208.95,72.0,76.0,74.0,4718.0,246.0,0.004801224580875727,194.05
968,211.0,215.2,213.1,72.0,76.0,74.0,4444.0,386.0,0.004918327619433664,189.9
969,215.2,219.3,217.25,72.0,76.0,74.0,4427.0,441.0,0.00480122458087576,185.75
970,219.3,223.4,221.35000000000002,72.0,76.0,74.0,4456.0,390.0,0.004801224580875727,181.64999999999998
971,223.4,227.6,225.5,72.0,76.0,74.0,4653.0,318.0,0.004918327619433664,177.5
972,227.6,231.7,229.64999999999998,72.0,76.0,74.0,4940.0,214.0,0.004801224580875727,173.35000000000002
973,231.7,235.9,233.8,72.0,76.0,74.0,5135.0,138.0,0.004918327619433698,169.2
974,235.9,240.0,237.95,72.0,76.0,74.0,5286.0,133.0,0.004801224580875727,165.05
975,240.0,244.1,242.05,72.0,76.0,74.0,5786.0,73.0,0.004801224580875727,160.95
976,244.1,248.3,246.2,72.0,76.0,74.0,5998.0,59.0,0.004918327619433698,156.8
977,248.3,252.4,250.35000000000002,72.0,76.0,74.0,6214.0,33.0,0.004801224580875727,152.64999999999998
978,252.4,256.6,254.5,72.0,76.0,74.0,6599.0,26.0,0.004918327619433698,148.5
979,256.6,260.7,258.65,72.0,76.0,74.0,6976.0,17.0,0.004801224580875693,144.35000000000002
980,260.7,264.8,262.75,72.0,76.0,74.0,7393.0,7.0,0.00480122458087576,140.25
981,264.8,269.0,266.9,72.0,76.0,74.0,7805.0,4.0,0.004918327619433664,136.10000000000002
982,269.0,273.1,271.05,72.0,76.0,74.0,8381.0,1.0,0.00480122458087576,131.95
983,273.1,277.2,275.15,72.0,76.0,74.0,9001.0,1.0,0.004801224580875693,127.85000000000002
984,277.2,281.4,279.29999999999995,72.0,76.0,74.0,7664.0,1.0,0.004918327619433664,123.70000000000005
985,281.4,285.5,283.45,72.0,76.0,74.0,7557.0,5.0,0.00480122458087576,119.55000000000001
986,285.5,289.7,287.6,72.0,76.0,74.0,7417.0,5.0,0.004918327619433664,115.39999999999998
987,289.7,293.8,291.75,72.0,76.0,74.0,7308.0,4.0,0.00480122458087576,111.25
988,293.8,297.9,295.85,72.0,76.0,74.0,7261.0,3.0,0.004801224580875693,107.14999999999998
989,297.9,302.1,300.0,72.0,76.0,74.0,7187.0,5.0,0.004918327619433731,103.0
990,302.1,306.2,304.15,72.0,76.0,74.0,7165.0,1.0,0.004801224580875693,98.85000000000002
991,306.2,310.3,308.25,72.0,76.0,74.0,7255.0,1.0,0.00480122458087576,94.75
992,310.3,314.5,312.4,72.0,76.0,74.0,7371.0,0.0,0.004918327619433664,90.60000000000002
993,314.5,318.6,316.55,72.0,76.0,74.0,7480.0,3.0,0.00480122458087576,86.44999999999999
994,318.6,322.8,320.70000000000005,72.0,76.0,74.0,7937.0,0.0,0.004918327619433664,82.29999999999995
995,322.8,326.9,324.85,72.0,76.0,74.0,8785.0,0.0,0.004801224580875693,78.14999999999998
996,326.9,331.0,328.95,72.0,76.0,74.0,9476.0,0.0,0.00480122458087576,74.05000000000001
997,331.0,335.2,333.1,72.0,76.0,74.0,10660.0,0.0,0.004918327619433664,69.89999999999998
998,335.2,339.3,337.25,72.0,76.0,74.0,10640.0,0.0,0.00480122458087576,65.75
999,339.3,343.4,341.35,72.0,76.0,74.0,10280.0,0.0,0.004801224580875693,61.64999999999998
1000,343.4,347.6,345.5,72.0,76.0,74.0,9936.0,0.0,0.004918327619433731,57.5
1001,347.6,351.7,349.65,72.0,76.0,74.0,9657.0,1.0,0.004801224580875693,53.35000000000002
1002,351.7,355.9,353.79999999999995,72.0,76.0,74.0,9490.0,0.0,0.004918327619433664,49.200000000000045
1003,355.9,360.0,357.95,72.0,76.0,74.0,9133.0,0.0,0.00480122458087576,45.05000000000001
1004,0.0,4.1,2.05,76.0,80.0,78.0,9852.0,0.0,0.004885564799067062,40.95
1005,4.1,8.2,6.1499999999999995,76.0,80.0,78.0,9611.0,0.0,0.004885564799067062,36.85
1006,8.2,12.3,10.25,76.0,80.0,78.0,9451.0,0.0,0.0048855647990670645,32.75
1007,12.3,16.4,14.35,76.0,80.0,78.0,9307.0,0.0,0.00488556479906706,28.65
1008,16.4,20.5,18.45,76.0,80.0,78.0,9132.0,0.0,0.0048855647990670645,24.55
1009,20.5,24.5,22.5,76.0,80.0,78.0,9075.0,1.0,0.004766404682016646,20.5
1010,24.5,28.6,26.55,76.0,80.0,78.0,8961.0,2.0,0.0048855647990670645,16.45
1011,28.6,32.7,30.650000000000002,76.0,80.0,78.0,8821.0,2.0,0.0048855647990670645,12.349999999999998
1012,32.7,36.8,34.75,76.0,80.0,78.0,8835.0,2.0,0.004885564799067057,8.25
1013,36.8,40.9,38.849999999999994,76.0,80.0,78.0,9150.0,4.0,0.0048855647990670645,4.150000000000006
1014,40.9,45.0,42.95,76.0,80.0,78.0,9093.0,0.0,0.0048855647990670645,0.04999999999999716
1015,45.0,49.1,47.05,76.0,80.0,78.0,8863.0,0.0,0.0048855647990670645,355.95
1016,49.1,53.2,51.150000000000006,76.0,80.0,78.0,8433.0,0.0,0.0048855647990670645,351.85
1017,53.2,57.3,55.25,76.0,80.0,78.0,8914.0,1.0,0.004885564799067057,347.75
1018,57.3,61.4,59.349999999999994,76.0,80.0,78.0,9385.0,1.0,0.0048855647990670645,343.65
1019,61.4,65.5,63.45,76.0,80.0,78.0,9681.0,0.0,0.0048855647990670645,339.55
1020,65.5,69.5,67.5,76.0,80.0,78.0,9761.0,0.0,0.004766404682016646,335.5
1021,69.5,73.6,71.55,76.0,80.0,78.0,10160.0,0.0,0.004885564799067057,331.45
1022,73.6,77.7,75.65,76.0,80.0,78.0,11180.0,0.0,0.004885564799067073,327.35
1023,77.7,81.8,79.75,76.0,80.0,78.0,12410.0,0.0,0.004885564799067057,323.25
1024,81.8,85.9,83.85,76.0,80.0,78.0,13470.0,0.0,0.004885564799067073,319.15
1025,85.9,90.0,87.95,76.0,80.0,78.0,14450.0,0.0,0.004885564799067057,315.05
1026,90.0,94.1,92.05,76.0,80.0,78.0,15000.0,0.0,0.004885564799067057,310.95
1027,94.1,98.2,96.15,76.0,80.0,78.0,14890.0,0.0,0.004885564799067073,306.85
1028,98.2,102.3,100.25,76.0,80.0,78.0,14470.0,0.0,0.004885564799067057,302.75
1029,102.3,106.4,104.35,76.0,80.0,78.0,14020.0,0.0,0.004885564799067073,298.65
1030,106.4,110.5,108.45,76.0,80.0,78.0,13470.0,0.0,0.004885564799067057,294.55
1031,110.5,114.5,112.5,76.0,80.0,78.0,13920.0,0.0,0.004766404682016646,290.5
1032,114.5,118.6,116.55,76.0,80.0,78.0,14530.0,0.0,0.004885564799067057,286.45
1033,118.6,122.7,120.65,76.0,80.0,78.0,14500.0,0.0,0.004885564799067073,282.35
1034,122.7,126.8,124.75,76.0,80.0,78.0,14520.0,0.0,0.004885564799067057,278.25
1035,126.8,130.9,128.85,76.0,80.0,78.0,13730.0,0.0,0.004885564799067073,274.15
1036,130.9,135.0,132.95,76.0,80.0,78.0,10940.0,0.0,0.004885564799067057,270.05
1037,135.0,139.1,137.05,76.0,80.0,78.0,10220.0,0.0,0.004885564799067057,265.95
1038,139.1,143.2,141.14999999999998,76.0,80.0,78.0,10190.0,0.0,0.004885564799067057,261.85
1039,143.2,147.3,145.25,76.0,80.0,78.0,10670.0,0.0,0.00488556479906709,257.75
1040,147.3,151.4,149.35000000000002,76.0,80.0,78.0,11290.0,0.0,0.004885564799067057,253.64999999999998
1041,151.4,155.5,153.45,76.0,80.0,78.0,11720.0,0.0,0.004885564799067057,249.55
1042,155.5,159.5,157.5,76.0,80.0,78.0,11770.0,0.0,0.004766404682016646,245.5
1043,159.5,163.6,161.55,76.0,80.0,78.0,11550.0,0.0,0.004885564799067057,241.45
1044,163.6,167.7,165.64999999999998,76.0,80.0,78.0,11340.0,0.0,0.004885564799067057,237.35000000000002
1045,167.7,171.8,169.75,76.0,80.0,78.0,11380.0,0.0,0.00488556479906709,233.25
1046,171.8,175.9,173.85000000000002,76.0,80.0,78.0,11590.0,0.0,0.004885564799067057,229.14999999999998
1047,175.9,180.0,177.95,76.0,80.0,78.0,9368.0,0.0,0.004885564799067057,225.05
1048,180.0,184.1,182.05,76.0,80.0,78.0,8683.0,2.0,0.004885564799067057,220.95
1049,184.1,188.2,186.14999999999998,76.0,80.0,78.0,7965.0,2.0,0.004885564799067057,216.85000000000002
1050,188.2,192.3,190.25,76.0,80.0,78.0,7088.0,9.0,0.00488556479906709,212.75
1051,192.3,196.4,194.35000000000002,76.0,80.0,78.0,6833.0,18.0,0.004885564799067057,208.64999999999998
1052,196.4,200.5,198.45,76.0,80.0,78.0,6732.0,20.0,0.004885564799067057,204.55
1053,200.5,204.5,202.5,76.0,80.0,78.0,6539.0,38.0,0.004766404682016646,200.5
1054,204.5,208.6,206.55,76.0,80.0,78.0,5950.0,49.0,0.004885564799067057,196.45
1055,208.6,212.7,210.64999999999998,76.0,80.0,78.0,4948.0,225.0,0.004885564799067057,192.35000000000002
1056,212.7,216.8,214.75,76.0,80.0,78.0,4641.0,359.0,0.00488556479906709,188.25
1057,216.8,220.9,218.85000000000002,76.0,80.0,78.0,4739.0,368.0,0.004885564799067057,184.14999999999998
1058,220.9,225.0,222.95,76.0,80.0,78.0,4871.0,286.0,0.004885564799067057,180.05
1059,225.0,229.1,227.05,76.0,80.0,78.0,5066.0,168.0,0.004885564799067057,175.95
1060,229.1,233.2,231.14999999999998,76.0,80.0,78.0,5245.0,126.0,0.004885564799067057,171.85000000000002
1061,233.2,237.3,235.25,76.0,80.0,78.0,5466.0,108.0,0.00488556479906709,167.75
1062,237.3,241.4,239.35000000000002,76.0,80.0,78.0,5938.0,55.0,0.004885564799067057,163.64999999999998
1063,241.4,245.5,243.45,76.0,80.0,78.0,6234.0,50.0,0.004885564799067057,159.55
1064,245.5,249.5,247.5,76.0,80.0,78.0,6444.0,28.0,0.004766404682016646,155.5
1065,249.5,253.6,251.55,76.0,80.0,78.0,6831.0,12.0,0.004885564799067057,151.45
1066,253.6,257.7,255.64999999999998,76.0,80.0,78.0,7214.0,11.0,0.004885564799067057,147.35000000000002
1067,257.7,261.8,259.75,76.0,80.0,78.0,7714.0,5.0,0.00488556479906709,143.25
1068,261.8,265.9,263.85,76.0,80.0,78.0,8447.0,0.0,0.004885564799067022,139.14999999999998
1069,265.9,270.0,267.95,76.0,80.0,78.0,9675.0,0.0,0.00488556479906709,135.05
1070,270.0,274.1,272.05,76.0,80.0,78.0,13330.0,0.0,0.00488556479906709,130.95
1071,274.1,278.2,276.15,76.0,80.0,78.0,14840.0,0.0,0.004885564799067022,126.85000000000002
1072,278.2,282.3,280.25,76.0,80.0,78.0,14100.0,0.0,0.00488556479906709,122.75
1073,282.3,286.4,284.35,76.0,80.0,78.0,10100.0,0.0,0.004885564799067022,118.64999999999998
1074,286.4,290.5,288.45,76.0,80.0,78.0,9397.0,1.0,0.00488556479906709,114.55000000000001
1075,290.5,294.5,292.5,76.0,80.0,78.0,9195.0,2.0,0.004766404682016646,110.5
1076,294.5,298.6,296.55,76.0,80.0,78.0,9053.0,0.0,0.00488556479906709,106.44999999999999
1077,298.6,302.7,300.65,76.0,80.0,78.0,8955.0,0.0,0.004885564799067022,102.35000000000002
1078,302.7,306.8,304.75,76.0,80.0,78.0,9019.0,0.0,0.00488556479906709,98.25
1079,306.8,310.9,308.85,76.0,80.0,78.0,9108.0,0.0,0.004885564799067022,94.14999999999998
1080,310.9,315.0,312.95,76.0,80.0,78.0,9179.0,0.0,0.00488556479906709,90.05000000000001
1081,315.0,319.1,317.05,76.0,80.0,78.0,10440.0,0.0,0.00488556479906709,85.94999999999999
1082,319.1,323.2,321.15,76.0,80.0,78.0,11710.0,0.0,0.004885564799067022,81.85000000000002
1083,323.2,327.3,325.25,76.0,80.0,78.0,12370.0,0.0,0.00488556479906709,77.75
1084,327.3,331.4,329.35,76.0,80.0,78.0,12240.0,0.0,0.004885564799067022,73.64999999999998
1085,331.4,335.5,333.45,76.0,80.0,78.0,12080.0,0.0,0.00488556479906709,69.55000000000001
1086,335.5,339.5,337.5,76.0,80.0,78.0,11690.0,0.0,0.004766404682016646,65.5
1087,339.5,343.6,341.55,76.0,80.0,78.0,11200.0,0.0,0.00488556479906709,61.44999999999999
1088,343.6,347.7,345.65,76.0,80.0,78.0,10870.0,0.0,0.004885564799067022,57.35000000000002
1089,347.7,351.8,349.75,76.0,80.0,78.0,10600.0,1.0,0.00488556479906709,53.25
1090,351.8,355.9,353.85,76.0,80.0,78.0,10540.0,0.0,0.004885564799067022,49.14999999999998
1091,355.9,360.0,357.95,76.0,80.0,78.0,10340.0,0.0,0.00488556479906709,45.05000000000001
1092,0.0,4.0,2.0,80.0,84.0,82.0,13890.0,0.0,0.00482546637722207,41.0
1093,4.0,8.1,6.05,80.0,84.0,82.0,12820.0,0.0,0.0049461030366526205,36.95
1094,8.1,12.1,10.1,80.0,84.0,82.0,11690.0,1.0,0.00482546637722207,32.9
1095,12.1,16.2,14.149999999999999,80.0,84.0,82.0,10670.0,0.0,0.0049461030366526205,28.85
1096,16.2,20.2,18.2,80.0,84.0,82.0,10230.0,1.0,0.00482546637722207,24.8
1097,20.2,24.3,22.25,80.0,84.0,82.0,9905.0,0.0,0.004946103036652623,20.75
1098,24.3,28.3,26.3,80.0,84.0,82.0,9648.0,0.0,0.00482546637722207,16.7
1099,28.3,32.4,30.35,80.0,84.0,82.0,9545.0,0.0,0.004946103036652619,12.649999999999999
1100,32.4,36.4,34.4,80.0,84.0,82.0,9521.0,0.0,0.00482546637722207,8.600000000000001
1101,36.4,40.4,38.4,80.0,84.0,82.0,9861.0,2.0,0.00482546637722207,4.600000000000001
1102,40.4,44.5,42.45,80.0,84.0,82.0,9804.0,1.0,0.004946103036652623,0.5499999999999972
1103,44.5,48.5,46.5,80.0,84.0,82.0,9649.0,0.0,0.00482546637722207,356.5
1104,48.5,52.6,50.55,80.0,84.0,82.0,9506.0,0.0,0.004946103036652623,352.45
1105,52.6,56.6,54.6,80.0,84.0,82.0,9951.0,0.0,0.00482546637722207,348.4
1106,56.6,60.7,58.650000000000006,80.0,84.0,82.0,10350.0,0.0,0.004946103036652623,344.35
1107,60.7,64.7,62.7,80.0,84.0,82.0,10610.0,0.0,0.00482546637722207,340.3
1108,64.7,68.8,66.75,80.0,84.0,82.0,10840.0,1.0,0.004946103036652615,336.25
1109,68.8,72.8,70.8,80.0,84.0,82.0,11410.0,0.0,0.00482546637722207,332.2
1110,72.8,76.9,74.85,80.0,84.0,82.0,12550.0,0.0,0.004946103036652632,328.15
1111,76.9,80.9,78.9,80.0,84.0,82.0,13720.0,0.0,0.00482546637722207,324.1
1112,80.9,84.9,82.9,80.0,84.0,82.0,14630.0,0.0,0.00482546637722207,320.1
1113,84.9,89.0,86.95,80.0,84.0,82.0,14990.0,0.0,0.004946103036652615,316.05
1114,89.0,93.0,91.0,80.0,84.0,82.0,15000.0,0.0,0.00482546637722207,312.0
1115,93.0,97.1,95.05,80.0,84.0,82.0,15000.0,0.0,0.004946103036652615,307.95
1116,97.1,101.1,99.1,80.0,84.0,82.0,15000.0,0.0,0.00482546637722207,303.9
1117,101.1,105.2,103.15,80.0,84.0,82.0,15000.0,0.0,0.004946103036652632,299.85
1118,105.2,109.2,107.2,80.0,84.0,82.0,15000.0,0.0,0.00482546637722207,295.8
1119,109.2,113.3,111.25,80.0,84.0,82.0,15000.0,0.0,0.004946103036652615,291.75
1120,113.3,117.3,115.3,80.0,84.0,82.0,15000.0,0.0,0.00482546637722207,287.7
1121,117.3,121.3,119.3,80.0,84.0,82.0,15000.0,0.0,0.00482546637722207,283.7
1122,121.3,125.4,123.35,80.0,84.0,82.0,15000.0,0.0,0.004946103036652632,279.65
1123,125.4,129.4,127.4,80.0,84.0,82.0,15000.0,0.0,0.00482546637722207,275.6
1124,129.4,133.5,131.45,80.0,84.0,82.0,15000.0,0.0,0.004946103036652615,271.55
1125,133.5,137.5,135.5,80.0,84.0,82.0,15000.0,0.0,0.00482546637722207,267.5
1126,137.5,141.6,139.55,80.0,84.0,82.0,12500.0,0.0,0.004946103036652615,263.45
1127,141.6,145.6,143.6,80.0,84.0,82.0,11510.0,0.0,0.00482546637722207,259.4
1128,145.6,149.7,147.64999999999998,80.0,84.0,82.0,12070.0,0.0,0.004946103036652615,255.35000000000002
1129,149.7,153.7,151.7,80.0,84.0,82.0,12450.0,0.0,0.00482546637722207,251.3
1130,153.7,157.8,155.75,80.0,84.0,82.0,12670.0,0.0,0.004946103036652648,247.25
1131,157.8,161.8,159.8,80.0,84.0,82.0,12810.0,0.0,0.00482546637722207,243.2
1132,161.8,165.8,163.8,80.0,84.0,82.0,12770.0,0.0,0.00482546637722207,239.2
1133,165.8,169.9,167.85000000000002,80.0,84.0,82.0,12660.0,0.0,0.004946103036652615,235.14999999999998
1134,169.9,173.9,171.9,80.0,84.0,82.0,12850.0,0.0,0.00482546637722207,231.1
1135,173.9,178.0,175.95,80.0,84.0,82.0,13370.0,0.0,0.004946103036652615,227.05
1136,178.0,182.0,180.0,80.0,84.0,82.0,13840.0,0.0,0.00482546637722207,223.0
1137,182.0,186.1,184.05,80.0,84.0,82.0,9985.0,0.0,0.004946103036652615,218.95
1138,186.1,190.1,188.1,80.0,84.0,82.0,8538.0,0.0,0.00482546637722207,214.9
1139,190.1,194.2,192.14999999999998,80.0,84.0,82.0,7760.0,5.0,0.004946103036652615,210.85000000000002
1140,194.2,198.2,196.2,80.0,84.0,82.0,7471.0,10.0,0.00482546637722207,206.8
1141,198.2,202.2,200.2,80.0,84.0,82.0,7338.0,19.0,0.00482546637722207,202.8
1142,202.2,206.3,204.25,80.0,84.0,82.0,7195.0,16.0,0.004946103036652648,198.75
1143,206.3,210.3,208.3,80.0,84.0,82.0,6903.0,20.0,0.00482546637722207,194.7
1144,210.3,214.4,212.35000000000002,80.0,84.0,82.0,5765.0,91.0,0.004946103036652615,190.64999999999998
1145,214.4,218.4,216.4,80.0,84.0,82.0,5238.0,210.0,0.00482546637722207,186.6
1146,218.4,222.5,220.45,80.0,84.0,82.0,5360.0,178.0,0.004946103036652615,182.55
1147,222.5,226.5,224.5,80.0,84.0,82.0,5496.0,159.0,0.00482546637722207,178.5
1148,226.5,230.6,228.55,80.0,84.0,82.0,5559.0,119.0,0.004946103036652615,174.45
1149,230.6,234.6,232.6,80.0,84.0,82.0,5714.0,87.0,0.00482546637722207,170.4
1150,234.6,238.7,236.64999999999998,80.0,84.0,82.0,6391.0,36.0,0.004946103036652615,166.35000000000002
1151,238.7,242.7,240.7,80.0,84.0,82.0,6722.0,22.0,0.00482546637722207,162.3
1152,242.7,246.7,244.7,80.0,84.0,82.0,6863.0,16.0,0.00482546637722207,158.3
1153,246.7,250.8,248.75,80.0,84.0,82.0,7172.0,12.0,0.004946103036652648,154.25
1154,250.8,254.8,252.8,80.0,84.0,82.0,7558.0,3.0,0.00482546637722207,150.2
1155,254.8,258.9,256.85,80.0,84.0,82.0,8057.0,2.0,0.004946103036652581,146.14999999999998
1156,258.9,262.9,260.9,80.0,84.0,82.0,8930.0,0.0,0.00482546637722207,142.10000000000002
1157,262.9,267.0,264.95,80.0,84.0,82.0,13710.0,0.0,0.004946103036652648,138.05
1158,267.0,271.0,269.0,80.0,84.0,82.0,14800.0,0.0,0.00482546637722207,134.0
1159,271.0,275.1,273.05,80.0,84.0,82.0,15000.0,0.0,0.004946103036652648,129.95
1160,275.1,279.1,277.1,80.0,84.0,82.0,15000.0,0.0,0.00482546637722207,125.89999999999998
1161,279.1,283.1,281.1,80.0,84.0,82.0,15000.0,0.0,0.00482546637722207,121.89999999999998
1162,283.1,287.2,285.15,80.0,84.0,82.0,15000.0,0.0,0.004946103036652581,117.85000000000002
1163,287.2,291.2,289.2,80.0,84.0,82.0,14890.0,0.0,0.00482546637722207,113.80000000000001
1164,291.2,295.3,293.25,80.0,84.0,82.0,12810.0,0.0,0.004946103036652648,109.75
1165,295.3,299.3,297.3,80.0,84.0,82.0,11960.0,0.0,0.00482546637722207,105.69999999999999
1166,299.3,303.4,301.35,80.0,84.0,82.0,11760.0,0.0,0.004946103036652581,101.64999999999998
1167,303.4,307.4,305.4,80.0,84.0,82.0,12110.0,0.0,0.00482546637722207,97.60000000000002
1168,307.4,311.5,309.45,80.0,84.0,82.0,13590.0,0.0,0.004946103036652648,93.55000000000001
1169,311.5,315.5,313.5,80.0,84.0,82.0,14740.0,0.0,0.00482546637722207,89.5
1170,315.5,319.6,317.55,80.0,84.0,82.0,14510.0,0.0,0.004946103036652648,85.44999999999999
1171,319.6,323.6,321.6,80.0,84.0,82.0,14350.0,0.0,0.00482546637722207,81.39999999999998
1172,323.6,327.6,325.6,80.0,84.0,82.0,14480.0,0.0,0.00482546637722207,77.39999999999998
1173,327.6,331.7,329.65,80.0,84.0,82.0,13950.0,0.0,0.004946103036652581,73.35000000000002
1174,331.7,335.7,333.7,80.0,84.0,82.0,13530.0,0.0,0.00482546637722207,69.30000000000001
1175,335.7,339.8,337.75,80.0,84.0,82.0,13370.0,0.0,0.004946103036652648,65.25
1176,339.8,343.8,341.8,80.0,84.0,82.0,13240.0,0.0,0.00482546637722207,61.19999999999999
1177,343.8,347.9,345.85,80.0,84.0,82.0,13130.0,0.0,0.004946103036652581,57.14999999999998
1178,347.9,351.9,349.9,80.0,84.0,82.0,13350.0,0.0,0.00482546637722207,53.10000000000002
1179,351.9,356.0,353.95,80.0,84.0,82.0,14090.0,0.0,0.004946103036652648,49.05000000000001
1180,356.0,360.0,358.0,80.0,84.0,82.0,14200.0,0.0,0.00482546637722207,45.0
1181,0.0,4.0,2.0,84.0,88.0,86.0,15000.0,0.0,0.004861018885291823,41.0
1182,4.0,8.1,6.05,84.0,88.0,86.0,15000.0,0.0,0.004982544357424118,36.95
1183,8.1,12.1,10.1,84.0,88.0,86.0,15000.0,0.0,0.004861018885291823,32.9
1184,12.1,16.2,14.149999999999999,84.0,88.0,86.0,14990.0,0.0,0.004982544357424118,28.85
1185,16.2,20.2,18.2,84.0,88.0,86.0,14120.0,0.0,0.004861018885291823,24.8
1186,20.2,24.3,22.25,84.0,88.0,86.0,12150.0,0.0,0.004982544357424122,20.75
1187,24.3,28.3,26.3,84.0,88.0,86.0,11430.0,0.0,0.004861018885291823,16.7
1188,28.3,32.4,30.35,84.0,88.0,86.0,10580.0,1.0,0.0049825443574241166,12.649999999999999
1189,32.4,36.4,34.4,84.0,88.0,86.0,10560.0,0.0,0.004861018885291823,8.600000000000001
1190,36.4,40.4,38.4,84.0,88.0,86.0,10700.0,0.0,0.004861018885291823,4.600000000000001
1191,40.4,44.5,42.45,84.0,88.0,86.0,10810.0,0.0,0.004982544357424122,0.5499999999999972
1192,44.5,48.5,46.5,84.0,88.0,86.0,11040.0,2.0,0.004861018885291823,356.5
1193,48.5,52.6,50.55,84.0,88.0,86.0,11190.0,0.0,0.004982544357424122,352.45
1194,52.6,56.6,54.6,84.0,88.0,86.0,11360.0,0.0,0.004861018885291823,348.4
1195,56.6,60.7,58.650000000000006,84.0,88.0,86.0,11710.0,0.0,0.004982544357424122,344.35
1196,60.7,64.7,62.7,84.0,88.0,86.0,12080.0,0.0,0.004861018885291823,340.3
1197,64.7,68.8,66.75,84.0,88.0,86.0,12640.0,0.0,0.004982544357424112,336.25
1198,68.8,72.8,70.8,84.0,88.0,86.0,13460.0,1.0,0.004861018885291823,332.2
1199,72.8,76.9,74.85,84.0,88.0,86.0,14620.0,0.0,0.00498254435742413,328.15
1200,76.9,80.9,78.9,84.0,88.0,86.0,14990.0,0.0,0.004861018885291823,324.1
1201,80.9,84.9,82.9,84.0,88.0,86.0,15000.0,0.0,0.004861018885291823,320.1
1202,84.9,89.0,86.95,84.0,88.0,86.0,15000.0,0.0,0.004982544357424112,316.05
1203,89.0,93.0,91.0,84.0,88.0,86.0,15000.0,0.0,0.004861018885291823,312.0
1204,93.0,97.1,95.05,84.0,88.0,86.0,15000.0,0.0,0.004982544357424112,307.95
1205,97.1,101.1,99.1,84.0,88.0,86.0,15000.0,0.0,0.004861018885291823,303.9
1206,101.1,105.2,103.15,84.0,88.0,86.0,15000.0,0.0,0.00498254435742413,299.85
1207,105.2,109.2,107.2,84.0,88.0,86.0,15000.0,0.0,0.004861018885291823,295.8
1208,109.2,113.3,111.25,84.0,88.0,86.0,15000.0,0.0,0.004982544357424112,291.75
1209,113.3,117.3,115.3,84.0,88.0,86.0,15000.0,0.0,0.004861018885291823,287.7
1210,117.3,121.3,119.3,84.0,88.0,86.0,15000.0,0.0,0.004861018885291823,283.7
1211,121.3,125.4,123.35,84.0,88.0,86.0,15000.0,0.0,0.00498254435742413,279.65
1212,125.4,129.4,127.4,84.0,88.0,86.0,15000.0,0.0,0.004861018885291823,275.6
1213,129.4,133.5,131.45,84.0,88.0,86.0,15000.0,0.0,0.004982544357424112,271.55
1214,133.5,137.5,135.5,84.0,88.0,86.0,15000.0,0.0,0.004861018885291823,267.5
1215,137.5,141.6,139.55,84.0,88.0,86.0,15000.0,0.0,0.004982544357424112,263.45
1216,141.6,145.6,143.6,84.0,88.0,86.0,14970.0,0.0,0.004861018885291823,259.4
1217,145.6,149.7,147.64999999999998,84.0,88.0,86.0,13510.0,0.0,0.004982544357424112,255.35000000000002
1218,149.7,153.7,151.7,84.0,88.0,86.0,13500.0,0.0,0.004861018885291823,251.3
1219,153.7,157.8,155.75,84.0,88.0,86.0,14430.0,0.0,0.004982544357424146,247.25
1220,157.8,161.8,159.8,84.0,88.0,86.0,14760.0,0.0,0.004861018885291823,243.2
1221,161.8,165.8,163.8,84.0,88.0,86.0,14550.0,0.0,0.004861018885291823,239.2
1222,165.8,169.9,167.85000000000002,84.0,88.0,86.0,14310.0,0.0,0.004982544357424112,235.14999999999998
1223,169.9,173.9,171.9,84.0,88.0,86.0,14190.0,0.0,0.004861018885291823,231.1
1224,173.9,178.0,175.95,84.0,88.0,86.0,14090.0,0.0,0.004982544357424112,227.05
1225,178.0,182.0,180.0,84.0,88.0,86.0,14060.0,0.0,0.004861018885291823,223.0
1226,182.0,186.1,184.05,84.0,88.0,86.0,14080.0,0.0,0.004982544357424112,218.95
1227,186.1,190.1,188.1,84.0,88.0,86.0,14180.0,0.0,0.004861018885291823,214.9
1228,190.1,194.2,192.14999999999998,84.0,88.0,86.0,12460.0,0.0,0.004982544357424112,210.85000000000002
1229,194.2,198.2,196.2,84.0,88.0,86.0,9591.0,1.0,0.004861018885291823,206.8
1230,198.2,202.2,200.2,84.0,88.0,86.0,8731.0,4.0,0.004861018885291823,202.8
1231,202.2,206.3,204.25,84.0,88.0,86.0,8220.0,3.0,0.004982544357424146,198.75
1232,206.3,210.3,208.3,84.0,88.0,86.0,8034.0,5.0,0.004861018885291823,194.7
1233,210.3,214.4,212.35000000000002,84.0,88.0,86.0,7711.0,9.0,0.004982544357424112,190.64999999999998
1234,214.4,218.4,216.4,84.0,88.0,86.0,7061.0,34.0,0.004861018885291823,186.6
1235,218.4,222.5,220.45,84.0,88.0,86.0,6312.0,62.0,0.004982544357424112,182.55
1236,222.5,226.5,224.5,84.0,88.0,86.0,6191.0,60.0,0.004861018885291823,178.5
1237,226.5,230.6,228.55,84.0,88.0,86.0,6283.0,52.0,0.004982544357424112,174.45
1238,230.6,234.6,232.6,84.0,88.0,86.0,6763.0,17.0,0.004861018885291823,170.4
1239,234.6,238.7,236.64999999999998,84.0,88.0,86.0,7424.0,18.0,0.004982544357424112,166.35000000000002
1240,238.7,242.7,240.7,84.0,88.0,86.0,7686.0,7.0,0.004861018885291823,162.3
1241,242.7,246.7,244.7,84.0,88.0,86.0,7964.0,7.0,0.004861018885291823,158.3
1242,246.7,250.8,248.75,84.0,88.0,86.0,8306.0,6.0,0.004982544357424146,154.25
1243,250.8,254.8,252.8,84.0,88.0,86.0,8574.0,0.0,0.004861018885291823,150.2
1244,254.8,258.9,256.85,84.0,88.0,86.0,9601.0,0.0,0.0049825443574240775,146.14999999999998
1245,258.9,262.9,260.9,84.0,88.0,86.0,15000.0,0.0,0.004861018885291823,142.10000000000002
1246,262.9,267.0,264.95,84.0,88.0,86.0,15000.0,0.0,0.004982544357424146,138.05
1247,267.0,271.0,269.0,84.0,88.0,86.0,15000.0,0.0,0.004861018885291823,134.0
1248,271.0,275.1,273.05,84.0,88.0,86.0,15000.0,0.0,0.004982544357424146,129.95
1249,275.1,279.1,277.1,84.0,88.0,86.0,15000.0,0.0,0.004861018885291823,125.89999999999998
1250,279.1,283.1,281.1,84.0,88.0,86.0,15000.0,0.0,0.004861018885291823,121.89999999999998
1251,283.1,287.2,285.15,84.0,88.0,86.0,15000.0,0.0,0.0049825443574240775,117.85000000000002
1252,287.2,291.2,289.2,84.0,88.0,86.0,15000.0,0.0,0.004861018885291823,113.80000000000001
1253,291.2,295.3,293.25,84.0,88.0,86.0,15000.0,0.0,0.004982544357424146,109.75
1254,295.3,299.3,297.3,84.0,88.0,86.0,15000.0,0.0,0.004861018885291823,105.69999999999999
1255,299.3,303.4,301.35,84.0,88.0,86.0,15000.0,0.0,0.0049825443574240775,101.64999999999998
1256,303.4,307.4,305.4,84.0,88.0,86.0,15000.0,0.0,0.004861018885291823,97.60000000000002
1257,307.4,311.5,309.45,84.0,88.0,86.0,15000.0,0.0,0.004982544357424146,93.55000000000001
1258,311.5,315.5,313.5,84.0,88.0,86.0,15000.0,0.0,0.004861018885291823,89.5
1259,315.5,319.6,317.55,84.0,88.0,86.0,15000.0,0.0,0.004982544357424146,85.44999999999999
1260,319.6,323.6,321.6,84.0,88.0,86.0,15000.0,0.0,0.004861018885291823,81.39999999999998
1261,323.6,327.6,325.6,84.0,88.0,86.0,15000.0,0.0,0.004861018885291823,77.39999999999998
1262,327.6,331.7,329.65,84.0,88.0,86.0,15000.0,0.0,0.0049825443574240775,73.35000000000002
1263,331.7,335.7,333.7,84.0,88.0,86.0,15000.0,0.0,0.004861018885291823,69.30000000000001
1264,335.7,339.8,337.75,84.0,88.0,86.0,15000.0,0.0,0.004982544357424146,65.25
1265,339.8,343.8,341.8,84.0,88.0,86.0,15000.0,0.0,0.004861018885291823,61.19999999999999
1266,343.8,347.9,345.85,84.0,88.0,86.0,15000.0,0.0,0.0049825443574240775,57.14999999999998
1267,347.9,351.9,349.9,84.0,88.0,86.0,15000.0,0.0,0.004861018885291823,53.10000000000002
1268,351.9,356.0,353.95,84.0,88.0,86.0,15000.0,0.0,0.004982544357424146,49.05000000000001
1269,356.0,360.0,358.0,84.0,88.0,86.0,15000.0,1.0,0.004861018885291823,45.0
1270,0.0,4.0,2.0,88.0,92.0,90.0,15000.0,0.0,0.004872888997980373,41.0
1271,4.0,8.1,6.05,88.0,92.0,90.0,15000.0,1.0,0.004994711222929883,36.95
1272,8.1,12.1,10.1,88.0,92.0,90.0,15000.0,0.0,0.004872888997980373,32.9
1273,12.1,16.2,14.149999999999999,88.0,92.0,90.0,15000.0,0.0,0.004994711222929883,28.85
1274,16.2,20.2,18.2,88.0,92.0,90.0,15000.0,0.0,0.004872888997980373,24.8
1275,20.2,24.3,22.25,88.0,92.0,90.0,15000.0,0.0,0.004994711222929885,20.75
1276,24.3,28.3,26.3,88.0,92.0,90.0,15000.0,0.0,0.004872888997980373,16.7
1277,28.3,32.4,30.35,88.0,92.0,90.0,15000.0,0.0,0.00499471122292988,12.649999999999999
1278,32.4,36.4,34.4,88.0,92.0,90.0,15000.0,0.0,0.004872888997980373,8.600000000000001
1279,36.4,40.4,38.4,88.0,92.0,90.0,15000.0,1.0,0.004872888997980373,4.600000000000001
1280,40.4,44.5,42.45,88.0,92.0,90.0,14770.0,1.0,0.004994711222929885,0.5499999999999972
1281,44.5,48.5,46.5,88.0,92.0,90.0,13810.0,1.0,0.004872888997980373,356.5
1282,48.5,52.6,50.55,88.0,92.0,90.0,13870.0,1.0,0.004994711222929885,352.45
1283,52.6,56.6,54.6,88.0,92.0,90.0,14370.0,0.0,0.004872888997980373,348.4
1284,56.6,60.7,58.650000000000006,88.0,92.0,90.0,14790.0,0.0,0.004994711222929885,344.35
1285,60.7,64.7,62.7,88.0,92.0,90.0,14900.0,0.0,0.004872888997980373,340.3
1286,64.7,68.8,66.75,88.0,92.0,90.0,14990.0,0.0,0.004994711222929877,336.25
1287,68.8,72.8,70.8,88.0,92.0,90.0,15000.0,0.0,0.004872888997980373,332.2
1288,72.8,76.9,74.85,88.0,92.0,90.0,15000.0,0.0,0.004994711222929894,328.15
1289,76.9,80.9,78.9,88.0,92.0,90.0,15000.0,0.0,0.004872888997980373,324.1
1290,80.9,84.9,82.9,88.0,92.0,90.0,15000.0,0.0,0.004872888997980373,320.1
1291,84.9,89.0,86.95,88.0,92.0,90.0,15000.0,0.0,0.004994711222929877,316.05
1292,89.0,93.0,91.0,88.0,92.0,90.0,15000.0,0.0,0.004872888997980373,312.0
1293,93.0,97.1,95.05,88.0,92.0,90.0,15000.0,0.0,0.004994711222929877,307.95
1294,97.1,101.1,99.1,88.0,92.0,90.0,15000.0,0.0,0.004872888997980373,303.9
1295,101.1,105.2,103.15,88.0,92.0,90.0,15000.0,0.0,0.004994711222929894,299.85
1296,105.2,109.2,107.2,88.0,92.0,90.0,15000.0,0.0,0.004872888997980373,295.8
1297,109.2,113.3,111.25,88.0,92.0,90.0,15000.0,0.0,0.004994711222929877,291.75
1298,113.3,117.3,115.3,88.0,92.0,90.0,15000.0,0.0,0.004872888997980373,287.7
1299,117.3,121.3,119.3,88.0,92.0,90.0,15000.0,0.0,0.004872888997980373,283.7
1300,121.3,125.4,123.35,88.0,92.0,90.0,15000.0,0.0,0.004994711222929894,279.65
1301,125.4,129.4,127.4,88.0,92.0,90.0,15000.0,0.0,0.004872888997980373,275.6
1302,129.4,133.5,131.45,88.0,92.0,90.0,15000.0,0.0,0.004994711222929877,271.55
1303,133.5,137.5,135.5,88.0,92.0,90.0,15000.0,0.0,0.004872888997980373,267.5
1304,137.5,141.6,139.55,88.0,92.0,90.0,15000.0,0.0,0.004994711222929877,263.45
1305,141.6,145.6,143.6,88.0,92.0,90.0,15000.0,0.0,0.004872888997980373,259.4
1306,145.6,149.7,147.64999999999998,88.0,92.0,90.0,15000.0,0.0,0.004994711222929877,255.35000000000002
1307,149.7,153.7,151.7,88.0,92.0,90.0,15000.0,0.0,0.004872888997980373,251.3
1308,153.7,157.8,155.75,88.0,92.0,90.0,15000.0,0.0,0.00499471122292991,247.25
1309,157.8,161.8,159.8,88.0,92.0,90.0,14980.0,0.0,0.004872888997980373,243.2
1310,161.8,165.8,163.8,88.0,92.0,90.0,14850.0,0.0,0.004872888997980373,239.2
1311,165.8,169.9,167.85000000000002,88.0,92.0,90.0,14710.0,0.0,0.004994711222929877,235.14999999999998
1312,169.9,173.9,171.9,88.0,92.0,90.0,14600.0,0.0,0.004872888997980373,231.1
1313,173.9,178.0,175.95,88.0,92.0,90.0,14520.0,0.0,0.004994711222929877,227.05
1314,178.0,182.0,180.0,88.0,92.0,90.0,14510.0,0.0,0.004872888997980373,223.0
1315,182.0,186.1,184.05,88.0,92.0,90.0,14520.0,0.0,0.004994711222929877,218.95
1316,186.1,190.1,188.1,88.0,92.0,90.0,14590.0,0.0,0.004872888997980373,214.9
1317,190.1,194.2,192.14999999999998,88.0,92.0,90.0,14720.0,0.0,0.004994711222929877,210.85000000000002
1318,194.2,198.2,196.2,88.0,92.0,90.0,14640.0,0.0,0.004872888997980373,206.8
1319,198.2,202.2,200.2,88.0,92.0,90.0,13060.0,0.0,0.004872888997980373,202.8
1320,202.2,206.3,204.25,88.0,92.0,90.0,10620.0,0.0,0.00499471122292991,198.75
1321,206.3,210.3,208.3,88.0,92.0,90.0,9470.0,0.0,0.004872888997980373,194.7
1322,210.3,214.4,212.35000000000002,88.0,92.0,90.0,8843.0,1.0,0.004994711222929877,190.64999999999998
1323,214.4,218.4,216.4,88.0,92.0,90.0,8438.0,1.0,0.004872888997980373,186.6
1324,218.4,222.5,220.45,88.0,92.0,90.0,8042.0,7.0,0.004994711222929877,182.55
1325,222.5,226.5,224.5,88.0,92.0,90.0,7518.0,3.0,0.004872888997980373,178.5
1326,226.5,230.6,228.55,88.0,92.0,90.0,7299.0,9.0,0.004994711222929877,174.45
1327,230.6,234.6,232.6,88.0,92.0,90.0,7912.0,3.0,0.004872888997980373,170.4
1328,234.6,238.7,236.64999999999998,88.0,92.0,90.0,8584.0,1.0,0.004994711222929877,166.35000000000002
1329,238.7,242.7,240.7,88.0,92.0,90.0,9004.0,1.0,0.004872888997980373,162.3
1330,242.7,246.7,244.7,88.0,92.0,90.0,9879.0,0.0,0.004872888997980373,158.3
1331,246.7,250.8,248.75,88.0,92.0,90.0,12920.0,0.0,0.00499471122292991,154.25
1332,250.8,254.8,252.8,88.0,92.0,90.0,15000.0,0.0,0.004872888997980373,150.2
1333,254.8,258.9,256.85,88.0,92.0,90.0,15000.0,0.0,0.004994711222929842,146.14999999999998
1334,258.9,262.9,260.9,88.0,92.0,90.0,15000.0,0.0,0.004872888997980373,142.10000000000002
1335,262.9,267.0,264.95,88.0,92.0,90.0,15000.0,0.0,0.00499471122292991,138.05
1336,267.0,271.0,269.0,88.0,92.0,90.0,15000.0,0.0,0.004872888997980373,134.0
1337,271.0,275.1,273.05,88.0,92.0,90.0,15000.0,0.0,0.00499471122292991,129.95
1338,275.1,279.1,277.1,88.0,92.0,90.0,15000.0,0.0,0.004872888997980373,125.89999999999998
1339,279.1,283.1,281.1,88.0,92.0,90.0,15000.0,0.0,0.004872888997980373,121.89999999999998
1340,283.1,287.2,285.15,88.0,92.0,90.0,15000.0,0.0,0.004994711222929842,117.85000000000002
1341,287.2,291.2,289.2,88.0,92.0,90.0,15000.0,0.0,0.004872888997980373,113.80000000000001
1342,291.2,295.3,293.25,88.0,92.0,90.0,15000.0,0.0,0.00499471122292991,109.75
1343,295.3,299.3,297.3,88.0,92.0,90.0,15000.0,0.0,0.004872888997980373,105.69999999999999
1344,299.3,303.4,301.35,88.0,92.0,90.0,15000.0,0.0,0.004994711222929842,101.64999999999998
1345,303.4,307.4,305.4,88.0,92.0,90.0,15000.0,0.0,0.004872888997980373,97.60000000000002
1346,307.4,311.5,309.45,88.0,92.0,90.0,15000.0,0.0,0.00499471122292991,93.55000000000001
1347,311.5,315.5,313.5,88.0,92.0,90.0,15000.0,0.0,0.004872888997980373,89.5
1348,315.5,319.6,317.55,88.0,92.0,90.0,15000.0,0.0,0.00499471122292991,85.44999999999999
1349,319.6,323.6,321.6,88.0,92.0,90.0,15000.0,0.0,0.004872888997980373,81.39999999999998
1350,323.6,327.6,325.6,88.0,92.0,90.0,15000.0,0.0,0.004872888997980373,77.39999999999998
1351,327.6,331.7,329.65,88.0,92.0,90.0,15000.0,0.0,0.004994711222929842,73.35000000000002
1352,331.7,335.7,333.7,88.0,92.0,90.0,15000.0,0.0,0.004872888997980373,69.30000000000001
1353,335.7,339.8,337.75,88.0,92.0,90.0,15000.0,0.0,0.00499471122292991,65.25
1354,339.8,343.8,341.8,88.0,92.0,90.0,15000.0,0.0,0.004872888997980373,61.19999999999999
1355,343.8,347.9,345.85,88.0,92.0,90.0,15000.0,0.0,0.004994711222929842,57.14999999999998
1356,347.9,351.9,349.9,88.0,92.0,90.0,15000.0,0.0,0.004872888997980373,53.10000000000002
1357,351.9,356.0,353.95,88.0,92.0,90.0,15000.0,0.0,0.00499471122292991,49.05000000000001
1358,356.0,360.0,358.0,88.0,92.0,90.0,15000.0,0.0,0.004872888997980373,45.0
1359,356.0,360.0,358.0,88.0,92.0,90.0,15000.0,0.0,0.004872888997980373,45.0
